<?xml version="1.0" encoding="UTF-8"?>

<Claim xmlns="http://hl7.org/fhir">
  <id value="Claim001"/>
  <meta>
    <profile value="https://github.com/openimis/openimis_fhir_r5_ig/StructureDefinition/openimis-claim"/>
  </meta>
  <text>
    <status value="extensions"/><div xmlns="http://www.w3.org/1999/xhtml"><p class="res-header-id"><b>Generated Narrative: Claim Claim001</b></p><a name="Claim001"> </a><a name="hcClaim001"> </a><div style="display: inline-block; background-color: #d9e0e7; padding: 6px; margin: 4px; border: 1px solid #8da1b4; border-radius: 5px; line-height: 60%"><p style="margin-bottom: 0px"/><p style="margin-bottom: 0px">Profile: <a href="StructureDefinition-openimis-claim.html">openIMIS Claim</a></p></div><p><b>identifier</b>: Unique code/Code001</p><p><b>status</b>: Active</p><p><b>type</b>: <span title="Codes:{https://github.com/openimis/openimis_fhir_r5_ig/CodeSystem/claim-visit-type O}">Other</span></p><p><b>use</b>: Claim</p><p><b>patient</b>: <a href="Patient-john-doe.html">John Doe  Male, DoB: 1962-02-05 ( Unique code)</a></p><p><b>billablePeriod</b>: 2021-09-15 --&gt; 2021-09-15</p><p><b>created</b>: 2021-09-16</p><p><b>enterer</b>: <a href="Practitioner-Rushila-Dani-CA.html">Practitioner Dani Rushila </a></p><p><b>provider</b>: <a href="Organization-RaptaDistrictHospital.html">Organization Rapta District Hospital</a></p><p><b>priority</b>: <span title="Codes:{http://terminology.hl7.org/CodeSystem/processpriority normal}">Normal</span></p><h3>SupportingInfos</h3><table class="grid"><tr><td style="display: none">-</td><td><b>Sequence</b></td><td><b>Category</b></td><td><b>Value[x]</b></td></tr><tr><td style="display: none">*</td><td>1</td><td><span title="Codes:{https://github.com/openimis/openimis_fhir_r5_ig/CodeSystem/claim-supporting-info-category explanation}">Explanation</span></td><td>The patient was complaining of head pain</td></tr></table><h3>Diagnoses</h3><table class="grid"><tr><td style="display: none">-</td><td><b>Sequence</b></td><td><b>Diagnosis[x]</b></td></tr><tr><td style="display: none">*</td><td>1</td><td><span title="Codes:{https://github.com/openimis/openimis_fhir_r5_ig/CodeSystem/diagnosis-ICD10-level1 G44}">Other headache syndromes</span></td></tr></table><h3>Insurances</h3><table class="grid"><tr><td style="display: none">-</td><td><b>Sequence</b></td><td><b>Focal</b></td><td><b>Coverage</b></td></tr><tr><td style="display: none">*</td><td>1</td><td>true</td><td><a href="Coverage-JoeDoeCoverage.html">Coverage: extension = 2021-01-28,2021-01-28; identifier = UUID unique identifier; status = active; kind = insurance; period = 2021-07-01 --&gt; 2022-06-30</a></td></tr></table><blockquote><p><b>item</b></p><p><b>Item Reference (Claim)</b>: <a href="ActivityDefinition-GeneralConsultationService.html">General Consultation</a></p><p><b>sequence</b>: 1</p><p><b>category</b>: <span title="Codes:{https://github.com/openimis/openimis_fhir_r5_ig/CodeSystem/claim-item-category service}">Service</span></p><p><b>productOrService</b>: <span title="Codes:">General Consultation</span></p><p><b>quantity</b>: 1</p><h3>UnitPrices</h3><table class="grid"><tr><td style="display: none">-</td><td><b>Value</b></td><td><b>Currency</b></td></tr><tr><td style="display: none">*</td><td>40</td><td>Euro</td></tr></table></blockquote><blockquote><p><b>item</b></p><p><b>Item Reference (Claim)</b>: <a href="Medication-AspirinMedication.html">Medication Product containing aspirin (medicinal product)</a></p><p><b>sequence</b>: 2</p><p><b>category</b>: <span title="Codes:{https://github.com/openimis/openimis_fhir_r5_ig/CodeSystem/claim-item-category item}">Item</span></p><p><b>productOrService</b>: <span title="Codes:">ACETYLSALICYLIC ACID (ASPIRIN) TABS 300MG</span></p><p><b>quantity</b>: 2</p><h3>UnitPrices</h3><table class="grid"><tr><td style="display: none">-</td><td><b>Value</b></td><td><b>Currency</b></td></tr><tr><td style="display: none">*</td><td>10</td><td>Euro</td></tr></table></blockquote><h3>Totals</h3><table class="grid"><tr><td style="display: none">-</td><td><b>Value</b></td><td><b>Currency</b></td></tr><tr><td style="display: none">*</td><td>60</td><td>Euro</td></tr></table></div>
  </text>
  <identifier>
    <type>
      <coding>
        <system value="https://github.com/openimis/openimis_fhir_r5_ig/CodeSystem/openimis-identifiers"/>
        <code value="Code"/>
      </coding>
    </type>
    <value value="Code001"/>
  </identifier>
  <status value="active"/>
  <type>
    <coding>
      <system value="https://github.com/openimis/openimis_fhir_r5_ig/CodeSystem/claim-visit-type"/>
      <code value="O"/>
      <display value="Other"/>
    </coding>
  </type>
  <use value="claim"/>
  <patient>
    <reference value="Patient/john-doe"/>
  </patient>
  <billablePeriod>
    <start value="2021-09-15"/>
    <end value="2021-09-15"/>
  </billablePeriod>
  <created value="2021-09-16"/>
  <enterer>
    <reference value="Practitioner/Rushila-Dani-CA"/>
  </enterer>
  <provider>
    <reference value="Organization/RaptaDistrictHospital"/>
  </provider>
  <priority>
    <coding>
      <system value="http://terminology.hl7.org/CodeSystem/processpriority"/>
      <code value="normal"/>
      <display value="Normal"/>
    </coding>
  </priority>
  <supportingInfo>
    <sequence value="1"/>
    <category>
      <coding>
        <system value="https://github.com/openimis/openimis_fhir_r5_ig/CodeSystem/claim-supporting-info-category"/>
        <code value="explanation"/>
      </coding>
    </category>
    <valueString value="The patient was complaining of head pain"/>
  </supportingInfo>
  <diagnosis>
    <sequence value="1"/>
    <diagnosisCodeableConcept>
      <coding>
        <system value="https://github.com/openimis/openimis_fhir_r5_ig/CodeSystem/diagnosis-ICD10-level1"/>
        <code value="G44"/>
        <display value="Other headache syndromes"/>
      </coding>
    </diagnosisCodeableConcept>
  </diagnosis>
  <insurance>
    <sequence value="1"/>
    <focal value="true"/>
    <coverage>
      <reference value="Coverage/JoeDoeCoverage"/>
    </coverage>
  </insurance>
  <item>
    <extension url="https://github.com/openimis/openimis_fhir_r5_ig/StructureDefinition/claim-item-reference">
      <valueReference>
        <reference value="ActivityDefinition/GeneralConsultationService"/>
      </valueReference>
    </extension>
    <sequence value="1"/>
    <category>
      <coding>
        <system value="https://github.com/openimis/openimis_fhir_r5_ig/CodeSystem/claim-item-category"/>
        <code value="service"/>
        <display value="Service"/>
      </coding>
    </category>
    <productOrService>
      <text value="General Consultation"/>
    </productOrService>
    <quantity>
      <value value="1"/>
    </quantity>
    <unitPrice>
      <value value="40"/>
      <currency value="EUR"/>
    </unitPrice>
  </item>
  <item>
    <extension url="https://github.com/openimis/openimis_fhir_r5_ig/StructureDefinition/claim-item-reference">
      <valueReference>
        <reference value="Medication/AspirinMedication"/>
      </valueReference>
    </extension>
    <sequence value="2"/>
    <category>
      <coding>
        <system value="https://github.com/openimis/openimis_fhir_r5_ig/CodeSystem/claim-item-category"/>
        <code value="item"/>
        <display value="Item"/>
      </coding>
    </category>
    <productOrService>
      <text value="ACETYLSALICYLIC ACID (ASPIRIN) TABS 300MG"/>
    </productOrService>
    <quantity>
      <value value="2"/>
    </quantity>
    <unitPrice>
      <value value="10"/>
      <currency value="EUR"/>
    </unitPrice>
  </item>
  <total>
    <value value="60"/>
    <currency value="EUR"/>
  </total>
</Claim>