<?xml version="1.0" encoding="UTF-8"?>

<ClaimResponse xmlns="http://hl7.org/fhir">
  <id value="Claim001"/>
  <meta>
    <profile value="https://github.com/openimis/openimis_fhir_r5_ig/StructureDefinition/openimis-claim-response"/>
  </meta>
  <text>
    <status value="extensions"/><div xmlns="http://www.w3.org/1999/xhtml"><p class="res-header-id"><b>Generated Narrative: ClaimResponse Claim001</b></p><a name="Claim001"> </a><a name="hcClaim001"> </a><div style="display: inline-block; background-color: #d9e0e7; padding: 6px; margin: 4px; border: 1px solid #8da1b4; border-radius: 5px; line-height: 60%"><p style="margin-bottom: 0px"/><p style="margin-bottom: 0px">Profile: <a href="StructureDefinition-openimis-claim-response.html">openIMIS Claim Response</a></p></div><p><b>identifier</b>: UUID unique identifier/D30F70DF-D10B-43D4-BF31-5137C118AD83, Unique code/Code001</p><p><b>status</b>: Active</p><p><b>type</b>: <span title="Codes:{https://github.com/openimis/openimis_fhir_r5_ig/CodeSystem/claim-visit-type O}">Other</span></p><p><b>use</b>: Claim</p><p><b>patient</b>: <a href="Patient-john-doe.html">John Doe  Male, DoB: 1962-02-05 ( Unique code)</a></p><p><b>created</b>: 2021-09-17</p><p><b>insurer</b>: <a href="Organization-openIMIS-Implementation.html">Organization openIMIS Implementation</a></p><p><b>requestor</b>: <a href="Practitioner-Rushila-Dani-CA.html">Practitioner Dani Rushila </a></p><p><b>request</b>: <a href="Claim-Claim001.html">Claim: identifier = Unique code; status = active; type = Other; use = claim; billablePeriod = 2021-09-15 --&gt; 2021-09-15; created = 2021-09-16; priority = Normal</a></p><p><b>outcome</b>: Partial Processing</p><blockquote><p><b>item</b></p><p><b>Item Reference (Claim)</b>: <a href="ActivityDefinition-GeneralConsultationService.html">General Consultation</a></p><p><b>itemSequence</b>: 1</p><blockquote><p><b>adjudication</b></p><p><b>category</b>: <span title="Codes:{https://github.com/openimis/openimis_fhir_r5_ig/CodeSystem/claim-status 4}">Checked</span></p><p><b>reason</b>: <span title="Codes:{https://github.com/openimis/openimis_fhir_r5_ig/CodeSystem/claim-rejection-reasons 0}">ACCEPTED</span></p><h3>Amounts</h3><table class="grid"><tr><td style="display: none">-</td><td><b>Value</b></td></tr><tr><td style="display: none">*</td><td>40</td></tr></table></blockquote></blockquote><blockquote><p><b>item</b></p><p><b>Item Reference (Claim)</b>: <a href="Medication-AspirinMedication.html">Medication Product containing aspirin (medicinal product)</a></p><p><b>itemSequence</b>: 2</p><blockquote><p><b>adjudication</b></p><p><b>category</b>: <span title="Codes:{https://github.com/openimis/openimis_fhir_r5_ig/CodeSystem/claim-status 4}">Checked</span></p><p><b>reason</b>: <span title="Codes:{https://github.com/openimis/openimis_fhir_r5_ig/CodeSystem/claim-rejection-reasons 0}">ACCEPTED</span></p><h3>Amounts</h3><table class="grid"><tr><td style="display: none">-</td><td><b>Value</b></td></tr><tr><td style="display: none">*</td><td>10</td></tr></table></blockquote></blockquote><blockquote><p><b>total</b></p><p><b>category</b>: <span title="Codes:{https://github.com/openimis/openimis_fhir_r5_ig/CodeSystem/claim-status 4}">Checked</span></p><h3>Amounts</h3><table class="grid"><tr><td style="display: none">-</td><td><b>Value</b></td></tr><tr><td style="display: none">*</td><td>60</td></tr></table></blockquote></div>
  </text>
  <identifier>
    <type>
      <coding>
        <system value="https://github.com/openimis/openimis_fhir_r5_ig/CodeSystem/openimis-identifiers"/>
        <code value="UUID"/>
      </coding>
    </type>
    <value value="D30F70DF-D10B-43D4-BF31-5137C118AD83"/>
  </identifier>
  <identifier>
    <type>
      <coding>
        <system value="https://github.com/openimis/openimis_fhir_r5_ig/CodeSystem/openimis-identifiers"/>
        <code value="Code"/>
      </coding>
    </type>
    <value value="Code001"/>
  </identifier>
  <status value="active"/>
  <type>
    <coding>
      <system value="https://github.com/openimis/openimis_fhir_r5_ig/CodeSystem/claim-visit-type"/>
      <code value="O"/>
      <display value="Other"/>
    </coding>
  </type>
  <use value="claim"/>
  <patient>
    <reference value="Patient/john-doe"/>
  </patient>
  <created value="2021-09-17"/>
  <insurer>
    <reference value="Organization/openIMIS-Implementation"/>
  </insurer>
  <requestor>
    <reference value="Practitioner/Rushila-Dani-CA"/>
  </requestor>
  <request>
    <reference value="Claim/Claim001"/>
  </request>
  <outcome value="partial"/>
  <item>
    <extension url="https://github.com/openimis/openimis_fhir_r5_ig/StructureDefinition/claim-item-reference">
      <valueReference>
        <reference value="ActivityDefinition/GeneralConsultationService"/>
      </valueReference>
    </extension>
    <itemSequence value="1"/>
    <adjudication>
      <category>
        <coding>
          <system value="https://github.com/openimis/openimis_fhir_r5_ig/CodeSystem/claim-status"/>
          <code value="4"/>
          <display value="Checked"/>
        </coding>
      </category>
      <reason>
        <coding>
          <system value="https://github.com/openimis/openimis_fhir_r5_ig/CodeSystem/claim-rejection-reasons"/>
          <code value="0"/>
          <display value="ACCEPTED"/>
        </coding>
      </reason>
      <amount>
        <value value="40"/>
      </amount>
    </adjudication>
  </item>
  <item>
    <extension url="https://github.com/openimis/openimis_fhir_r5_ig/StructureDefinition/claim-item-reference">
      <valueReference>
        <reference value="Medication/AspirinMedication"/>
      </valueReference>
    </extension>
    <itemSequence value="2"/>
    <adjudication>
      <category>
        <coding>
          <system value="https://github.com/openimis/openimis_fhir_r5_ig/CodeSystem/claim-status"/>
          <code value="4"/>
          <display value="Checked"/>
        </coding>
      </category>
      <reason>
        <coding>
          <system value="https://github.com/openimis/openimis_fhir_r5_ig/CodeSystem/claim-rejection-reasons"/>
          <code value="0"/>
          <display value="ACCEPTED"/>
        </coding>
      </reason>
      <amount>
        <value value="10"/>
      </amount>
    </adjudication>
  </item>
  <total>
    <category>
      <coding>
        <system value="https://github.com/openimis/openimis_fhir_r5_ig/CodeSystem/claim-status"/>
        <code value="4"/>
        <display value="Checked"/>
      </coding>
    </category>
    <amount>
      <value value="60"/>
    </amount>
  </total>
</ClaimResponse>