<?xml version="1.0" encoding="UTF-8"?>

<Location xmlns="http://hl7.org/fhir">
  <id value="Jamu-municipality"/>
  <meta>
    <profile value="https://github.com/openimis/openimis_fhir_r5_ig/StructureDefinition/openimis-location"/>
  </meta>
  <text>
    <status value="generated"/><div xmlns="http://www.w3.org/1999/xhtml"><p class="res-header-id"><b>Generated Narrative: Location Jamu-municipality</b></p><a name="Jamu-municipality"> </a><a name="hcJamu-municipality"> </a><div style="display: inline-block; background-color: #d9e0e7; padding: 6px; margin: 4px; border: 1px solid #8da1b4; border-radius: 5px; line-height: 60%"><p style="margin-bottom: 0px"/><p style="margin-bottom: 0px">Profile: <a href="StructureDefinition-openimis-location.html">openIMIS Location</a></p></div><p><b>identifier</b>: Unique code/R1D1M2</p><p><b>name</b>: Jamu</p><p><b>form</b>: <span title="Codes:{https://github.com/openimis/openimis_fhir_r5_ig/CodeSystem/location-type W}">Municipality/Ward</span></p><p><b>partOf</b>: <a href="Location-Jimara-district.html">Location Jimara</a></p></div>
  </text>
  <identifier>
    <type>
      <coding>
        <system value="https://github.com/openimis/openimis_fhir_r5_ig/CodeSystem/openimis-identifiers"/>
        <code value="Code"/>
      </coding>
    </type>
    <value value="R1D1M2"/>
  </identifier>
  <name value="Jamu"/>
  <form>
    <coding>
      <system value="https://github.com/openimis/openimis_fhir_r5_ig/CodeSystem/location-type"/>
      <code value="W"/>
      <display value="Municipality/Ward"/>
    </coding>
  </form>
  <partOf>
    <reference value="Location/Jimara-district"/>
  </partOf>
</Location>