<?xml version="1.0" encoding="UTF-8"?><CodeSystem xmlns="http://hl7.org/fhir"><id value="insurance-plan-discount-kind"/><text><status value="generated"/><div xmlns="http://www.w3.org/1999/xhtml"><p class="res-header-id"><b>Generated Narrative: CodeSystem insurance-plan-discount-kind</b></p><a name="insurance-plan-discount-kind"> </a><a name="hcinsurance-plan-discount-kind"> </a><p>This  code system <code>https://github.com/openimis/openimis_fhir_r5_ig/CodeSystem/insurance-plan-discount-kind</code> defines the following codes:</p><table class="codes"><tr><td style="white-space:nowrap"><b>Code</b></td><td><b>Display</b></td></tr><tr><td style="white-space:nowrap">renewal<a name="insurance-plan-discount-kind-renewal"> </a></td><td>Renewal discount</td></tr><tr><td style="white-space:nowrap">enrolment<a name="insurance-plan-discount-kind-enrolment"> </a></td><td>Enrolment discount</td></tr></table></div></text><url value="https://github.com/openimis/openimis_fhir_r5_ig/CodeSystem/insurance-plan-discount-kind"/><version value="0.1.0"/><name value="InsurancePlanDiscountKindCS"/><status value="draft"/><date value="2025-08-26T15:39:34+00:00"/><publisher value="openIMIS Initiative"/><contact><name value="openIMIS Initiative"/><telecom><system value="url"/><value value="https://www.openimis.org"/></telecom></contact><contact><name value="Dragos Dobre"/><telecom><system value="email"/><value value="dragos.dobre@swisstph.ch"/><use value="work"/></telecom></contact><contact><name value="Hiren Soni"/><telecom><system value="email"/><value value="hiren.soni@swisstph.ch"/><use value="work"/></telecom></contact><content value="complete"/><count value="2"/><concept><code value="renewal"/><display value="Renewal discount"/></concept><concept><code value="enrolment"/><display value="Enrolment discount"/></concept></CodeSystem>