<?xml version="1.0" encoding="UTF-8"?><CodeSystem xmlns="http://hl7.org/fhir"><id value="activity-definition-level"/><text><status value="generated"/><div xmlns="http://www.w3.org/1999/xhtml"><p class="res-header-id"><b>Generated Narrative: CodeSystem activity-definition-level</b></p><a name="activity-definition-level"> </a><a name="hcactivity-definition-level"> </a><p>This  code system <code>https://github.com/openimis/openimis_fhir_r5_ig/CodeSystem/activity-definition-level</code> defines the following codes:</p><table class="codes"><tr><td style="white-space:nowrap"><b>Code</b></td><td><b>Display</b></td></tr><tr><td style="white-space:nowrap">S<a name="activity-definition-level-S"> </a></td><td>Simple Service</td></tr><tr><td style="white-space:nowrap">V<a name="activity-definition-level-V"> </a></td><td>Visit</td></tr><tr><td style="white-space:nowrap">D<a name="activity-definition-level-D"> </a></td><td>Day of stay</td></tr><tr><td style="white-space:nowrap">H<a name="activity-definition-level-H"> </a></td><td>Hospital case</td></tr></table></div></text><url value="https://github.com/openimis/openimis_fhir_r5_ig/CodeSystem/activity-definition-level"/><version value="0.1.0"/><name value="ActivityDefinitionLevelCS"/><title value="Level (ActivityDefinition)"/><status value="draft"/><date value="2025-08-26T15:39:34+00:00"/><publisher value="openIMIS Initiative"/><contact><name value="openIMIS Initiative"/><telecom><system value="url"/><value value="https://www.openimis.org"/></telecom></contact><contact><name value="Dragos Dobre"/><telecom><system value="email"/><value value="dragos.dobre@swisstph.ch"/><use value="work"/></telecom></contact><contact><name value="Hiren Soni"/><telecom><system value="email"/><value value="hiren.soni@swisstph.ch"/><use value="work"/></telecom></contact><description value="Indicates the Level for an ActivityDefinition. Values defined by openIMIS. Can not be extended."/><content value="complete"/><count value="4"/><concept><code value="S"/><display value="Simple Service"/></concept><concept><code value="V"/><display value="Visit"/></concept><concept><code value="D"/><display value="Day of stay"/></concept><concept><code value="H"/><display value="Hospital case"/></concept></CodeSystem>