<?xml version="1.0" encoding="UTF-8"?><CodeSystem xmlns="http://hl7.org/fhir"><id value="patient-profession"/><text><status value="generated"/><div xmlns="http://www.w3.org/1999/xhtml"><p class="res-header-id"><b>Generated Narrative: CodeSystem patient-profession</b></p><a name="patient-profession"> </a><a name="hcpatient-profession"> </a><p>This  code system <code>https://github.com/openimis/openimis_fhir_r5_ig/CodeSystem/patient-profession</code> defines the following codes:</p><table class="codes"><tr><td style="white-space:nowrap"><b>Code</b></td><td><b>Display</b></td></tr><tr><td style="white-space:nowrap">1<a name="patient-profession-1"> </a></td><td>Housewife</td></tr><tr><td style="white-space:nowrap">2<a name="patient-profession-2"> </a></td><td>Employee</td></tr><tr><td style="white-space:nowrap">3<a name="patient-profession-3"> </a></td><td>Self Employee</td></tr><tr><td style="white-space:nowrap">4<a name="patient-profession-4"> </a></td><td>Other</td></tr></table></div></text><url value="https://github.com/openimis/openimis_fhir_r5_ig/CodeSystem/patient-profession"/><version value="0.1.0"/><name value="PatientProfessionCS"/><title value="Profession (Patient)"/><status value="draft"/><date value="2025-08-26T15:39:34+00:00"/><publisher value="openIMIS Initiative"/><contact><name value="openIMIS Initiative"/><telecom><system value="url"/><value value="https://www.openimis.org"/></telecom></contact><contact><name value="Dragos Dobre"/><telecom><system value="email"/><value value="dragos.dobre@swisstph.ch"/><use value="work"/></telecom></contact><contact><name value="Hiren Soni"/><telecom><system value="email"/><value value="hiren.soni@swisstph.ch"/><use value="work"/></telecom></contact><description value="Indicates the profession of a Patient. Values defined by openIMIS. Can be extended."/><content value="complete"/><count value="4"/><concept><code value="1"/><display value="Housewife"/></concept><concept><code value="2"/><display value="Employee"/></concept><concept><code value="3"/><display value="Self Employee"/></concept><concept><code value="4"/><display value="Other"/></concept></CodeSystem>