<?xml version="1.0" encoding="UTF-8"?><CodeSystem xmlns="http://hl7.org/fhir"><id value="patient-education-level"/><text><status value="generated"/><div xmlns="http://www.w3.org/1999/xhtml"><p class="res-header-id"><b>Generated Narrative: CodeSystem patient-education-level</b></p><a name="patient-education-level"> </a><a name="hcpatient-education-level"> </a><p>This  code system <code>https://github.com/openimis/openimis_fhir_r5_ig/CodeSystem/patient-education-level</code> defines the following codes:</p><table class="codes"><tr><td style="white-space:nowrap"><b>Code</b></td><td><b>Display</b></td></tr><tr><td style="white-space:nowrap">1<a name="patient-education-level-1"> </a></td><td>Nursery</td></tr><tr><td style="white-space:nowrap">2<a name="patient-education-level-2"> </a></td><td>Primary school</td></tr><tr><td style="white-space:nowrap">3<a name="patient-education-level-3"> </a></td><td>Secondary school</td></tr><tr><td style="white-space:nowrap">4<a name="patient-education-level-4"> </a></td><td>University</td></tr><tr><td style="white-space:nowrap">5<a name="patient-education-level-5"> </a></td><td>Postgraduate studies</td></tr><tr><td style="white-space:nowrap">6<a name="patient-education-level-6"> </a></td><td>PHD</td></tr><tr><td style="white-space:nowrap">7<a name="patient-education-level-7"> </a></td><td>Other</td></tr></table></div></text><url value="https://github.com/openimis/openimis_fhir_r5_ig/CodeSystem/patient-education-level"/><version value="0.1.0"/><name value="PatientEducationLevelCS"/><title value="Education Level (Patient)"/><status value="draft"/><date value="2025-08-26T15:39:34+00:00"/><publisher value="openIMIS Initiative"/><contact><name value="openIMIS Initiative"/><telecom><system value="url"/><value value="https://www.openimis.org"/></telecom></contact><contact><name value="Dragos Dobre"/><telecom><system value="email"/><value value="dragos.dobre@swisstph.ch"/><use value="work"/></telecom></contact><contact><name value="Hiren Soni"/><telecom><system value="email"/><value value="hiren.soni@swisstph.ch"/><use value="work"/></telecom></contact><description value="Indicates the Education level of a Patient. Values defined by openIMIS. Can be extended."/><content value="complete"/><count value="7"/><concept><code value="1"/><display value="Nursery"/></concept><concept><code value="2"/><display value="Primary school"/></concept><concept><code value="3"/><display value="Secondary school"/></concept><concept><code value="4"/><display value="University"/></concept><concept><code value="5"/><display value="Postgraduate studies"/></concept><concept><code value="6"/><display value="PHD"/></concept><concept><code value="7"/><display value="Other"/></concept></CodeSystem>