<?xml version="1.0" encoding="UTF-8"?><CodeSystem xmlns="http://hl7.org/fhir"><id value="group-confirmation-type"/><text><status value="generated"/><div xmlns="http://www.w3.org/1999/xhtml"><p class="res-header-id"><b>Generated Narrative: CodeSystem group-confirmation-type</b></p><a name="group-confirmation-type"> </a><a name="hcgroup-confirmation-type"> </a><p>This  code system <code>https://github.com/openimis/openimis_fhir_r5_ig/CodeSystem/group-confirmation-type</code> defines the following codes:</p><table class="codes"><tr><td style="white-space:nowrap"><b>Code</b></td><td><b>Display</b></td></tr><tr><td style="white-space:nowrap">A<a name="group-confirmation-type-A"> </a></td><td>Local council</td></tr><tr><td style="white-space:nowrap">B<a name="group-confirmation-type-B"> </a></td><td>Municipality</td></tr><tr><td style="white-space:nowrap">C<a name="group-confirmation-type-C"> </a></td><td>State</td></tr><tr><td style="white-space:nowrap">D<a name="group-confirmation-type-D"> </a></td><td>Other</td></tr></table></div></text><url value="https://github.com/openimis/openimis_fhir_r5_ig/CodeSystem/group-confirmation-type"/><version value="0.1.0"/><name value="GroupConfirmationTypeCS"/><title value="Confirmation Types (Group)"/><status value="draft"/><date value="2025-08-26T15:39:34+00:00"/><publisher value="openIMIS Initiative"/><contact><name value="openIMIS Initiative"/><telecom><system value="url"/><value value="https://www.openimis.org"/></telecom></contact><contact><name value="Dragos Dobre"/><telecom><system value="email"/><value value="dragos.dobre@swisstph.ch"/><use value="work"/></telecom></contact><contact><name value="Hiren Soni"/><telecom><system value="email"/><value value="hiren.soni@swisstph.ch"/><use value="work"/></telecom></contact><description value="Indicates the confirmation type for the Group. Values defined by openIMIS. Can be extended."/><content value="complete"/><count value="4"/><concept><code value="A"/><display value="Local council"/></concept><concept><code value="B"/><display value="Municipality"/></concept><concept><code value="C"/><display value="State"/></concept><concept><code value="D"/><display value="Other"/></concept></CodeSystem>