<?xml version="1.0" encoding="UTF-8"?><CodeSystem xmlns="http://hl7.org/fhir"><id value="group-type"/><text><status value="generated"/><div xmlns="http://www.w3.org/1999/xhtml"><p class="res-header-id"><b>Generated Narrative: CodeSystem group-type</b></p><a name="group-type"> </a><a name="hcgroup-type"> </a><p>This  code system <code>https://github.com/openimis/openimis_fhir_r5_ig/CodeSystem/group-type</code> defines the following codes:</p><table class="codes"><tr><td style="white-space:nowrap"><b>Code</b></td><td><b>Display</b></td></tr><tr><td style="white-space:nowrap">C<a name="group-type-C"> </a></td><td>Council</td></tr><tr><td style="white-space:nowrap">G<a name="group-type-G"> </a></td><td>Organization</td></tr><tr><td style="white-space:nowrap">H<a name="group-type-H"> </a></td><td>Household</td></tr><tr><td style="white-space:nowrap">O<a name="group-type-O"> </a></td><td>Other</td></tr><tr><td style="white-space:nowrap">P<a name="group-type-P"> </a></td><td>Priests</td></tr><tr><td style="white-space:nowrap">S<a name="group-type-S"> </a></td><td>Students</td></tr><tr><td style="white-space:nowrap">T<a name="group-type-T"> </a></td><td>Teachers</td></tr></table></div></text><url value="https://github.com/openimis/openimis_fhir_r5_ig/CodeSystem/group-type"/><version value="0.1.0"/><name value="GroupTypeCS"/><title value="Group Type (Group)"/><status value="draft"/><date value="2025-08-26T15:39:34+00:00"/><publisher value="openIMIS Initiative"/><contact><name value="openIMIS Initiative"/><telecom><system value="url"/><value value="https://www.openimis.org"/></telecom></contact><contact><name value="Dragos Dobre"/><telecom><system value="email"/><value value="dragos.dobre@swisstph.ch"/><use value="work"/></telecom></contact><contact><name value="Hiren Soni"/><telecom><system value="email"/><value value="hiren.soni@swisstph.ch"/><use value="work"/></telecom></contact><description value="Indicates the type of the Group. Values defined by openIMIS. Can be extended."/><content value="complete"/><count value="7"/><concept><code value="C"/><display value="Council"/></concept><concept><code value="G"/><display value="Organization"/></concept><concept><code value="H"/><display value="Household"/></concept><concept><code value="O"/><display value="Other"/></concept><concept><code value="P"/><display value="Priests"/></concept><concept><code value="S"/><display value="Students"/></concept><concept><code value="T"/><display value="Teachers"/></concept></CodeSystem>