<?xml version="1.0" encoding="UTF-8"?><CodeSystem xmlns="http://hl7.org/fhir"><id value="insurance-plan-coverage-benefit-limit"/><text><status value="generated"/><div xmlns="http://www.w3.org/1999/xhtml"><p class="res-header-id"><b>Generated Narrative: CodeSystem insurance-plan-coverage-benefit-limit</b></p><a name="insurance-plan-coverage-benefit-limit"> </a><a name="hcinsurance-plan-coverage-benefit-limit"> </a><p>This  code system <code>https://github.com/openimis/openimis_fhir_r5_ig/CodeSystem/insurance-plan-coverage-benefit-limit</code> defines the following codes:</p><table class="codes"><tr><td style="white-space:nowrap"><b>Code</b></td><td><b>Display</b></td><td><b>Definition</b></td></tr><tr><td style="white-space:nowrap">period<a name="insurance-plan-coverage-benefit-limit-period"> </a></td><td>Period</td><td>Duration of the period in months, in which a policy with the product will be valid.</td></tr><tr><td style="white-space:nowrap">memberCount<a name="insurance-plan-coverage-benefit-limit-memberCount"> </a></td><td>Member Count</td><td>Maximal number of members of a household/group for the product.</td></tr></table></div></text><url value="https://github.com/openimis/openimis_fhir_r5_ig/CodeSystem/insurance-plan-coverage-benefit-limit"/><version value="0.1.0"/><name value="InsurancePlanCoverageBenefitLimitCS"/><title value="Coverage Benefit Limit Types (InsurancePlan)"/><status value="draft"/><date value="2025-08-26T15:39:34+00:00"/><publisher value="openIMIS Initiative"/><contact><name value="openIMIS Initiative"/><telecom><system value="url"/><value value="https://www.openimis.org"/></telecom></contact><contact><name value="Dragos Dobre"/><telecom><system value="email"/><value value="dragos.dobre@swisstph.ch"/><use value="work"/></telecom></contact><contact><name value="Hiren Soni"/><telecom><system value="email"/><value value="hiren.soni@swisstph.ch"/><use value="work"/></telecom></contact><description value="Indicates the Coverage Benefit Limit Types for an InsurancePlan. Values defined by openIMIS. Can not be extended."/><content value="complete"/><count value="2"/><concept><code value="period"/><display value="Period"/><definition value="Duration of the period in months, in which a policy with the product will be valid."/></concept><concept><code value="memberCount"/><display value="Member Count"/><definition value="Maximal number of members of a household/group for the product."/></concept></CodeSystem>