<?xml version="1.0" encoding="UTF-8"?><CodeSystem xmlns="http://hl7.org/fhir"><id value="bill-type"/><text><status value="generated"/><div xmlns="http://www.w3.org/1999/xhtml"><p class="res-header-id"><b>Generated Narrative: CodeSystem bill-type</b></p><a name="bill-type"> </a><a name="hcbill-type"> </a><p>This  code system <code>https://github.com/openimis/openimis_fhir_r5_ig/CodeSystem/bill-type</code> defines the following codes:</p><table class="codes"><tr><td style="white-space:nowrap"><b>Code</b></td><td><b>Display</b></td><td><b>Definition</b></td></tr><tr><td style="white-space:nowrap">claim-batch<a name="bill-type-claim-batch"> </a></td><td>Claim batch payment</td><td>How much the insurance need to pay the HF for the claims reimbursment.</td></tr><tr><td style="white-space:nowrap">commission<a name="bill-type-commission"> </a></td><td>Commission</td><td>How much the insurance need to pay the commission to EO.</td></tr><tr><td style="white-space:nowrap">fees<a name="bill-type-fees"> </a></td><td>Fees</td><td>How much the insurance need to pay the payment platform for the fee for payment service.</td></tr></table></div></text><url value="https://github.com/openimis/openimis_fhir_r5_ig/CodeSystem/bill-type"/><version value="0.1.0"/><name value="BillTypeCS"/><title value="Type (Bill Invoice)"/><status value="draft"/><date value="2025-08-26T15:39:34+00:00"/><publisher value="openIMIS Initiative"/><contact><name value="openIMIS Initiative"/><telecom><system value="url"/><value value="https://www.openimis.org"/></telecom></contact><contact><name value="Dragos Dobre"/><telecom><system value="email"/><value value="dragos.dobre@swisstph.ch"/><use value="work"/></telecom></contact><contact><name value="Hiren Soni"/><telecom><system value="email"/><value value="hiren.soni@swisstph.ch"/><use value="work"/></telecom></contact><description value="Indicates the Type for Bill. Values defined by openIMIS. Can not be extended."/><content value="complete"/><count value="3"/><concept><code value="claim-batch"/><display value="Claim batch payment"/><definition value="How much the insurance need to pay the HF for the claims reimbursment."/></concept><concept><code value="commission"/><display value="Commission"/><definition value="How much the insurance need to pay the commission to EO."/></concept><concept><code value="fees"/><display value="Fees"/><definition value="How much the insurance need to pay the payment platform for the fee for payment service."/></concept></CodeSystem>