<?xml version="1.0" encoding="UTF-8"?><ValueSet xmlns="http://hl7.org/fhir"><id value="insurance-plan-publication-status"/><text><status value="extensions"/><div xmlns="http://www.w3.org/1999/xhtml"><p class="res-header-id"><b>Generated Narrative: ValueSet insurance-plan-publication-status</b></p><a name="insurance-plan-publication-status"> </a><a name="hcinsurance-plan-publication-status"> </a><ul><li>Include these codes as defined in <a href="http://hl7.org/fhir/R5/codesystem-publication-status.html"><code>http://hl7.org/fhir/publication-status</code></a><table class="none"><tr><td style="white-space:nowrap"><b>Code</b></td><td><b>Display</b></td><td><b>Definition</b></td></tr><tr><td><a href="http://hl7.org/fhir/R5/codesystem-publication-status.html#publication-status-draft">draft</a></td><td>Draft</td><td>This resource is still under development and is not yet considered to be ready for normal use.</td></tr><tr><td><a href="http://hl7.org/fhir/R5/codesystem-publication-status.html#publication-status-active">active</a></td><td>Active</td><td>This resource is ready for normal use.</td></tr><tr><td><a href="http://hl7.org/fhir/R5/codesystem-publication-status.html#publication-status-retired">retired</a></td><td>Retired</td><td>This resource has been withdrawn or superseded and should no longer be used.</td></tr></table></li></ul></div></text><url value="https://github.com/openimis/openimis_fhir_r5_ig/ValueSet/insurance-plan-publication-status"/><version value="0.1.0"/><name value="InsurancePlanPublicationStatusVS"/><title value="Publication Status (InsurancePlan)"/><status value="draft"/><date value="2025-08-26T15:39:34+00:00"/><publisher value="openIMIS Initiative"/><contact><name value="openIMIS Initiative"/><telecom><system value="url"/><value value="https://www.openimis.org"/></telecom></contact><contact><name value="Dragos Dobre"/><telecom><system value="email"/><value value="dragos.dobre@swisstph.ch"/><use value="work"/></telecom></contact><contact><name value="Hiren Soni"/><telecom><system value="email"/><value value="hiren.soni@swisstph.ch"/><use value="work"/></telecom></contact><description value="Indicates the Publication Status for an InsurancePlan."/><compose><include><system value="http://hl7.org/fhir/publication-status"/><concept><code value="draft"/><display value="Draft"/></concept><concept><code value="active"/><display value="Active"/></concept><concept><code value="retired"/><display value="Retired"/></concept></include></compose></ValueSet>