<?xml version="1.0" encoding="UTF-8"?><ValueSet xmlns="http://hl7.org/fhir"><id value="contract-status-codes"/><text><status value="extensions"/><div xmlns="http://www.w3.org/1999/xhtml"><p class="res-header-id"><b>Generated Narrative: ValueSet contract-status-codes</b></p><a name="contract-status-codes"> </a><a name="hccontract-status-codes"> </a><ul><li>Include these codes as defined in <a href="http://hl7.org/fhir/R5/codesystem-contract-status.html"><code>http://hl7.org/fhir/contract-status</code></a><table class="none"><tr><td style="white-space:nowrap"><b>Code</b></td><td><b>Display</b></td><td><b>Definition</b></td></tr><tr><td><a href="http://hl7.org/fhir/R5/codesystem-contract-status.html#contract-status-offered">offered</a></td><td>Offered</td><td>Contract is a proposal by either the Grantor or the Grantee. Aka - A Contract hard copy or electronic 'template', 'form' or 'application'. E.g., health insurance application; consent directive form. Usage: Beginning of contract negotiation, which may have been completed as a precondition because used for 0..* contracts. Precedence Order = 2. Comparable FHIR and v.3 status codes: requested; new.</td></tr><tr><td><a href="http://hl7.org/fhir/R5/codesystem-contract-status.html#contract-status-executed">executed</a></td><td>Executed</td><td>Contract is activated for period stipulated when both the Grantor and Grantee have signed it. Usage: Required state for normal completion of contracting activity.  Precedence Order = 6. Comparable FHIR and v.3 status codes: accepted; completed.</td></tr></table></li></ul></div></text><url value="https://github.com/openimis/openimis_fhir_r5_ig/ValueSet/contract-status-codes"/><version value="0.1.0"/><name value="ContractStatusCodesVS"/><title value="Status Codes (Contract)"/><status value="draft"/><date value="2025-08-26T15:39:34+00:00"/><publisher value="openIMIS Initiative"/><contact><name value="openIMIS Initiative"/><telecom><system value="url"/><value value="https://www.openimis.org"/></telecom></contact><contact><name value="Dragos Dobre"/><telecom><system value="email"/><value value="dragos.dobre@swisstph.ch"/><use value="work"/></telecom></contact><contact><name value="Hiren Soni"/><telecom><system value="email"/><value value="hiren.soni@swisstph.ch"/><use value="work"/></telecom></contact><description value="Indicates the status of the Contract. Values limited by openIMIS."/><compose><include><system value="http://hl7.org/fhir/contract-status"/><concept><code value="offered"/><display value="Offered"/></concept><concept><code value="executed"/><display value="Executed"/></concept></include></compose></ValueSet>