<?xml version="1.0" encoding="UTF-8"?><ValueSet xmlns="http://hl7.org/fhir"><id value="insurance-plan-general-cost-type"/><text><status value="generated"/><div xmlns="http://www.w3.org/1999/xhtml"><p class="res-header-id"><b>Generated Narrative: ValueSet insurance-plan-general-cost-type</b></p><a name="insurance-plan-general-cost-type"> </a><a name="hcinsurance-plan-general-cost-type"> </a><ul><li>Include all codes defined in <a href="CodeSystem-insurance-plan-general-cost-type.html"><code>https://github.com/openimis/openimis_fhir_r5_ig/CodeSystem/insurance-plan-general-cost-type</code></a></li></ul></div></text><url value="https://github.com/openimis/openimis_fhir_r5_ig/ValueSet/insurance-plan-general-cost-type"/><version value="0.1.0"/><name value="InsurancePlanGeneralCostTypeVS"/><title value="General Cost Type (InsurancePlan)"/><status value="draft"/><date value="2025-08-26T15:39:34+00:00"/><publisher value="openIMIS Initiative"/><contact><name value="openIMIS Initiative"/><telecom><system value="url"/><value value="https://www.openimis.org"/></telecom></contact><contact><name value="Dragos Dobre"/><telecom><system value="email"/><value value="dragos.dobre@swisstph.ch"/><use value="work"/></telecom></contact><contact><name value="Hiren Soni"/><telecom><system value="email"/><value value="hiren.soni@swisstph.ch"/><use value="work"/></telecom></contact><description value="Indicates the General Cost Type for an InsurancePlan. Values defined by openIMIS. Can not be extended."/><compose><include><system value="https://github.com/openimis/openimis_fhir_r5_ig/CodeSystem/insurance-plan-general-cost-type"/></include></compose></ValueSet>