<?xml version="1.0" encoding="UTF-8"?><ValueSet xmlns="http://hl7.org/fhir"><id value="activity-definition-usage-context-venue-type"/><text><status value="extensions"/><div xmlns="http://www.w3.org/1999/xhtml"><p class="res-header-id"><b>Generated Narrative: ValueSet activity-definition-usage-context-venue-type</b></p><a name="activity-definition-usage-context-venue-type"> </a><a name="hcactivity-definition-usage-context-venue-type"> </a><ul><li>Include these codes as defined in <a href="http://terminology.hl7.org/6.5.0/CodeSystem-v3-ActCode.html"><code>http://terminology.hl7.org/CodeSystem/v3-ActCode</code></a><table class="none"><tr><td style="white-space:nowrap"><b>Code</b></td><td><b>Display</b></td><td><b>Definition</b></td></tr><tr><td><a href="http://terminology.hl7.org/6.5.0/CodeSystem-v3-ActCode.html#v3-ActCode-AMB">AMB</a></td><td>ambulatory</td><td>A comprehensive term for health care provided in a healthcare facility (e.g. a practitioneraTMs office, clinic setting, or hospital) on a nonresident basis. The term ambulatory usually implies that the patient has come to the location and is not assigned to a bed. Sometimes referred to as an outpatient encounter.</td></tr><tr><td><a href="http://terminology.hl7.org/6.5.0/CodeSystem-v3-ActCode.html#v3-ActCode-IMP">IMP</a></td><td>IMP</td><td>A patient encounter where a patient is admitted by a hospital or equivalent facility, assigned to a location where patients generally stay at least overnight and provided with room, board, and continuous nursing service.</td></tr></table></li></ul></div></text><url value="https://github.com/openimis/openimis_fhir_r5_ig/ValueSet/activity-definition-usage-context-venue-type"/><version value="0.1.0"/><name value="ActivityDefinitionUsageContextVenueTypeVS"/><title value="Usage Context for Venue Type (ActivityDefinition)"/><status value="draft"/><date value="2025-08-26T15:39:34+00:00"/><publisher value="openIMIS Initiative"/><contact><name value="openIMIS Initiative"/><telecom><system value="url"/><value value="https://www.openimis.org"/></telecom></contact><contact><name value="Dragos Dobre"/><telecom><system value="email"/><value value="dragos.dobre@swisstph.ch"/><use value="work"/></telecom></contact><contact><name value="Hiren Soni"/><telecom><system value="email"/><value value="hiren.soni@swisstph.ch"/><use value="work"/></telecom></contact><description value="Indicates the Usage Context for Venue Type for an ActivityDefinition."/><compose><include><system value="http://terminology.hl7.org/CodeSystem/v3-ActCode"/><concept><code value="AMB"/><display value="ambulatory"/></concept><concept><code value="IMP"/><display value="IMP"/></concept></include></compose></ValueSet>