<?xml version="1.0" encoding="UTF-8"?><ValueSet xmlns="http://hl7.org/fhir"><id value="insurance-plan-coverage-type"/><text><status value="generated"/><div xmlns="http://www.w3.org/1999/xhtml"><p class="res-header-id"><b>Generated Narrative: ValueSet insurance-plan-coverage-type</b></p><a name="insurance-plan-coverage-type"> </a><a name="hcinsurance-plan-coverage-type"> </a><ul><li>Include these codes as defined in <a href="http://terminology.hl7.org/6.5.0/CodeSystem-insurance-plan-type.html"><code>http://terminology.hl7.org/CodeSystem/insurance-plan-type</code></a><table class="none"><tr><td style="white-space:nowrap"><b>Code</b></td><td><b>Display</b></td></tr><tr><td><a href="http://terminology.hl7.org/6.5.0/CodeSystem-insurance-plan-type.html#insurance-plan-type-medical">medical</a></td><td>Medical</td></tr></table></li></ul></div></text><url value="https://github.com/openimis/openimis_fhir_r5_ig/ValueSet/insurance-plan-coverage-type"/><version value="0.1.0"/><name value="InsurancePlanCoverageTypeVS"/><title value="Coverage Type (InsurancePlan)"/><status value="draft"/><date value="2025-08-26T15:39:34+00:00"/><publisher value="openIMIS Initiative"/><contact><name value="openIMIS Initiative"/><telecom><system value="url"/><value value="https://www.openimis.org"/></telecom></contact><contact><name value="Dragos Dobre"/><telecom><system value="email"/><value value="dragos.dobre@swisstph.ch"/><use value="work"/></telecom></contact><contact><name value="Hiren Soni"/><telecom><system value="email"/><value value="hiren.soni@swisstph.ch"/><use value="work"/></telecom></contact><description value="Indicates the Coverage Type for an InsurancePlan."/><compose><include><system value="http://terminology.hl7.org/CodeSystem/insurance-plan-type"/><concept><code value="medical"/><display value="Medical"/></concept></include></compose></ValueSet>