<?xml version="1.0" encoding="UTF-8"?><ValueSet xmlns="http://hl7.org/fhir"><id value="patient-contact-relationship"/><text><status value="generated"/><div xmlns="http://www.w3.org/1999/xhtml"><p class="res-header-id"><b>Generated Narrative: ValueSet patient-contact-relationship</b></p><a name="patient-contact-relationship"> </a><a name="hcpatient-contact-relationship"> </a><ul><li>Include all codes defined in <a href="CodeSystem-patient-contact-relationship.html"><code>https://github.com/openimis/openimis_fhir_r5_ig/CodeSystem/patient-contact-relationship</code></a></li></ul></div></text><url value="https://github.com/openimis/openimis_fhir_r5_ig/ValueSet/patient-contact-relationship"/><version value="0.1.0"/><name value="PatientContactRelationshipVS"/><title value="Contact Relationship (Patient)"/><status value="draft"/><date value="2025-08-26T15:39:34+00:00"/><publisher value="openIMIS Initiative"/><contact><name value="openIMIS Initiative"/><telecom><system value="url"/><value value="https://www.openimis.org"/></telecom></contact><contact><name value="Dragos Dobre"/><telecom><system value="email"/><value value="dragos.dobre@swisstph.ch"/><use value="work"/></telecom></contact><contact><name value="Hiren Soni"/><telecom><system value="email"/><value value="hiren.soni@swisstph.ch"/><use value="work"/></telecom></contact><description value="Indicates the Relationship of a Patient with the Head of the Family."/><compose><include><system value="https://github.com/openimis/openimis_fhir_r5_ig/CodeSystem/patient-contact-relationship"/></include></compose></ValueSet>