<?xml version="1.0" encoding="UTF-8"?><ValueSet xmlns="http://hl7.org/fhir"><id value="bill-charge-item"/><text><status value="generated"/><div xmlns="http://www.w3.org/1999/xhtml"><p class="res-header-id"><b>Generated Narrative: ValueSet bill-charge-item</b></p><a name="bill-charge-item"> </a><a name="hcbill-charge-item"> </a><ul><li>Include all codes defined in <a href="CodeSystem-bill-charge-item.html"><code>https://github.com/openimis/openimis_fhir_r5_ig/CodeSystem/bill-charge-item</code></a></li></ul></div></text><url value="https://github.com/openimis/openimis_fhir_r5_ig/ValueSet/bill-charge-item"/><version value="0.1.0"/><name value="BillChargeItemVS"/><title value="ChargeItem (Bill Invoice)"/><status value="draft"/><date value="2025-08-26T15:39:34+00:00"/><publisher value="openIMIS Initiative"/><contact><name value="openIMIS Initiative"/><telecom><system value="url"/><value value="https://www.openimis.org"/></telecom></contact><contact><name value="Dragos Dobre"/><telecom><system value="email"/><value value="dragos.dobre@swisstph.ch"/><use value="work"/></telecom></contact><contact><name value="Hiren Soni"/><telecom><system value="email"/><value value="hiren.soni@swisstph.ch"/><use value="work"/></telecom></contact><description value="Indicates the ChargeItem for a lineItem from a Bill. Values defined by openIMIS. Can not be extended."/><compose><include><system value="https://github.com/openimis/openimis_fhir_r5_ig/CodeSystem/bill-charge-item"/></include></compose></ValueSet>