<?xml version="1.0" encoding="UTF-8"?><ValueSet xmlns="http://hl7.org/fhir"><id value="feedback-payload"/><text><status value="generated"/><div xmlns="http://www.w3.org/1999/xhtml"><p class="res-header-id"><b>Generated Narrative: ValueSet feedback-payload</b></p><a name="feedback-payload"> </a><a name="hcfeedback-payload"> </a><ul><li>Include all codes defined in <a href="CodeSystem-feedback-payload.html"><code>https://github.com/openimis/openimis_fhir_r5_ig/CodeSystem/feedback-payload</code></a></li></ul></div></text><url value="https://github.com/openimis/openimis_fhir_r5_ig/ValueSet/feedback-payload"/><version value="0.1.0"/><name value="FeedbackPayloadVS"/><title value="Feedback Payload (CommunicationRequest | Communication)"/><status value="draft"/><date value="2025-08-26T15:39:34+00:00"/><publisher value="openIMIS Initiative"/><contact><name value="openIMIS Initiative"/><telecom><system value="url"/><value value="https://www.openimis.org"/></telecom></contact><contact><name value="Dragos Dobre"/><telecom><system value="email"/><value value="dragos.dobre@swisstph.ch"/><use value="work"/></telecom></contact><contact><name value="Hiren Soni"/><telecom><system value="email"/><value value="hiren.soni@swisstph.ch"/><use value="work"/></telecom></contact><description value="Indicates the Feedback Payload code for a CommunicationRequest and Communication. List defined by openIMIS. Can not be extended."/><compose><include><system value="https://github.com/openimis/openimis_fhir_r5_ig/CodeSystem/feedback-payload"/></include></compose></ValueSet>