<?xml version="1.0" encoding="UTF-8"?><ValueSet xmlns="http://hl7.org/fhir"><id value="coverage-item-category-item-service"/><text><status value="generated"/><div xmlns="http://www.w3.org/1999/xhtml"><p class="res-header-id"><b>Generated Narrative: ValueSet coverage-item-category-item-service</b></p><a name="coverage-item-category-item-service"> </a><a name="hccoverage-item-category-item-service"> </a><ul><li>Include these codes as defined in <a href="CodeSystem-coverage-item-category.html"><code>https://github.com/openimis/openimis_fhir_r5_ig/CodeSystem/coverage-item-category</code></a><table class="none"><tr><td style="white-space:nowrap"><b>Code</b></td><td><b>Display</b></td></tr><tr><td><a href="CodeSystem-coverage-item-category.html#coverage-item-category-item">item</a></td><td>Item</td></tr><tr><td><a href="CodeSystem-coverage-item-category.html#coverage-item-category-service">service</a></td><td>Service</td></tr></table></li></ul></div></text><url value="https://github.com/openimis/openimis_fhir_r5_ig/ValueSet/coverage-item-category-item-service"/><version value="0.1.0"/><name value="CoverageItemCategoryItemServiceVS"/><title value="Partial categories of the item (Coverage)"/><status value="draft"/><date value="2025-08-26T15:39:34+00:00"/><publisher value="openIMIS Initiative"/><contact><name value="openIMIS Initiative"/><telecom><system value="url"/><value value="https://www.openimis.org"/></telecom></contact><contact><name value="Dragos Dobre"/><telecom><system value="email"/><value value="dragos.dobre@swisstph.ch"/><use value="work"/></telecom></contact><contact><name value="Hiren Soni"/><telecom><system value="email"/><value value="hiren.soni@swisstph.ch"/><use value="work"/></telecom></contact><description value="Indicates the category for the item, only for medical items and services, under a Coverage. Values defined by openIMIS. Can not be extended."/><compose><include><system value="https://github.com/openimis/openimis_fhir_r5_ig/CodeSystem/coverage-item-category"/><concept><code value="item"/><display value="Item"/></concept><concept><code value="service"/><display value="Service"/></concept></include></compose></ValueSet>