<?xml version="1.0" encoding="UTF-8"?><ValueSet xmlns="http://hl7.org/fhir"><id value="diagnosis-ICD10-level1"/><text><status value="generated"/><div xmlns="http://www.w3.org/1999/xhtml"><p class="res-header-id"><b>Generated Narrative: ValueSet diagnosis-ICD10-level1</b></p><a name="diagnosis-ICD10-level1"> </a><a name="hcdiagnosis-ICD10-level1"> </a><ul><li>Include all codes defined in <a href="CodeSystem-diagnosis-ICD10-level1.html"><code>https://github.com/openimis/openimis_fhir_r5_ig/CodeSystem/diagnosis-ICD10-level1</code></a></li></ul></div></text><url value="https://github.com/openimis/openimis_fhir_r5_ig/ValueSet/diagnosis-ICD10-level1"/><version value="0.1.0"/><name value="DiagnosisICD10Level1VS"/><title value="ICD 10 Level 1 diagnosis"/><status value="draft"/><date value="2025-08-26T15:39:34+00:00"/><publisher value="openIMIS Initiative"/><contact><name value="openIMIS Initiative"/><telecom><system value="url"/><value value="https://www.openimis.org"/></telecom></contact><contact><name value="Dragos Dobre"/><telecom><system value="email"/><value value="dragos.dobre@swisstph.ch"/><use value="work"/></telecom></contact><contact><name value="Hiren Soni"/><telecom><system value="email"/><value value="hiren.soni@swisstph.ch"/><use value="work"/></telecom></contact><description value="Example of diagnosis to be used with Claim resource. The actual list is configured in openIMIS."/><compose><include><system value="https://github.com/openimis/openimis_fhir_r5_ig/CodeSystem/diagnosis-ICD10-level1"/></include></compose></ValueSet>