<?xml version="1.0" encoding="UTF-8"?><ValueSet xmlns="http://hl7.org/fhir"><id value="patient-identification-type"/><text><status value="generated"/><div xmlns="http://www.w3.org/1999/xhtml"><p class="res-header-id"><b>Generated Narrative: ValueSet patient-identification-type</b></p><a name="patient-identification-type"> </a><a name="hcpatient-identification-type"> </a><ul><li>Include all codes defined in <a href="CodeSystem-patient-identification-type.html"><code>https://https://github.com/openimis/openimis_fhir_r5_ig.io/openimis_fhir_r5_ig/CodeSystem-patient-identification-types</code></a></li></ul></div></text><url value="https://github.com/openimis/openimis_fhir_r5_ig/ValueSet/patient-identification-type"/><version value="0.1.0"/><name value="PatientIdentificationTypeVS"/><title value="Identification Type (Patient)"/><status value="draft"/><date value="2025-08-26T15:39:34+00:00"/><publisher value="openIMIS Initiative"/><contact><name value="openIMIS Initiative"/><telecom><system value="url"/><value value="https://www.openimis.org"/></telecom></contact><contact><name value="Dragos Dobre"/><telecom><system value="email"/><value value="dragos.dobre@swisstph.ch"/><use value="work"/></telecom></contact><contact><name value="Hiren Soni"/><telecom><system value="email"/><value value="hiren.soni@swisstph.ch"/><use value="work"/></telecom></contact><description value="Indicates the type of document the Patient used to identify himself."/><compose><include><system value="https://https://github.com/openimis/openimis_fhir_r5_ig.io/openimis_fhir_r5_ig/CodeSystem-patient-identification-types"/></include></compose></ValueSet>