<?xml version="1.0" encoding="UTF-8"?>

<CodeSystem xmlns="http://hl7.org/fhir">
  <id value="insurance-plan-period-kind"/>
  <text>
    <status value="generated"/><div xmlns="http://www.w3.org/1999/xhtml"><p class="res-header-id"><b>Generated Narrative: CodeSystem insurance-plan-period-kind</b></p><a name="insurance-plan-period-kind"> </a><a name="hcinsurance-plan-period-kind"> </a><p>This  code system <code>https://github.com/openimis/openimis_fhir_r5_ig/CodeSystem/insurance-plan-period-kind</code> defines the following codes:</p><table class="codes"><tr><td style="white-space:nowrap"><b>Code</b></td><td><b>Display</b></td></tr><tr><td style="white-space:nowrap">administration<a name="insurance-plan-period-kind-administration"> </a></td><td>Administration</td></tr><tr><td style="white-space:nowrap">grace-payment<a name="insurance-plan-period-kind-grace-payment"> </a></td><td>Grace (Payment)</td></tr><tr><td style="white-space:nowrap">grace-renewal<a name="insurance-plan-period-kind-grace-renewal"> </a></td><td>Grace (Renewal)</td></tr><tr><td style="white-space:nowrap">grace-enrolment<a name="insurance-plan-period-kind-grace-enrolment"> </a></td><td>Grace (Enrolment)</td></tr></table></div>
  </text>
  <url value="https://github.com/openimis/openimis_fhir_r5_ig/CodeSystem/insurance-plan-period-kind"/>
  <version value="0.1.0"/>
  <name value="InsurancePlanPeriodKindCS"/>
  <title value="InsurancePlan Period Kind"/>
  <status value="draft"/>
  <date value="2025-08-26T15:39:34+00:00"/>
  <publisher value="openIMIS Initiative"/>
  <contact>
    <name value="openIMIS Initiative"/>
    <telecom>
      <system value="url"/>
      <value value="https://www.openimis.org"/>
    </telecom>
  </contact>
  <contact>
    <name value="Dragos Dobre"/>
    <telecom>
      <system value="email"/>
      <value value="dragos.dobre@swisstph.ch"/>
      <use value="work"/>
    </telecom>
  </contact>
  <contact>
    <name value="Hiren Soni"/>
    <telecom>
      <system value="email"/>
      <value value="hiren.soni@swisstph.ch"/>
      <use value="work"/>
    </telecom>
  </contact>
  <content value="complete"/>
  <count value="4"/>
  <concept>
    <code value="administration"/>
    <display value="Administration"/>
  </concept>
  <concept>
    <code value="grace-payment"/>
    <display value="Grace (Payment)"/>
  </concept>
  <concept>
    <code value="grace-renewal"/>
    <display value="Grace (Renewal)"/>
  </concept>
  <concept>
    <code value="grace-enrolment"/>
    <display value="Grace (Enrolment)"/>
  </concept>
</CodeSystem>