<?xml version="1.0" encoding="UTF-8"?>

<CodeSystem xmlns="http://hl7.org/fhir">
  <id value="feedback-status"/>
  <text>
    <status value="generated"/><div xmlns="http://www.w3.org/1999/xhtml"><p class="res-header-id"><b>Generated Narrative: CodeSystem feedback-status</b></p><a name="feedback-status"> </a><a name="hcfeedback-status"> </a><p>This  code system <code>https://github.com/openimis/openimis_fhir_r5_ig/CodeSystem/feedback-status</code> defines the following codes:</p><table class="codes"><tr><td style="white-space:nowrap"><b>Code</b></td><td><b>Display</b></td><td><b>Definition</b></td></tr><tr><td style="white-space:nowrap">4<a name="feedback-status-4"> </a></td><td>Selected</td><td>Selected for Feedback</td></tr><tr><td style="white-space:nowrap">8<a name="feedback-status-8"> </a></td><td>Delivered</td><td>Feedback delivered</td></tr><tr><td style="white-space:nowrap">16<a name="feedback-status-16"> </a></td><td>Bypassed</td><td>Feedback bypassed</td></tr></table></div>
  </text>
  <url value="https://github.com/openimis/openimis_fhir_r5_ig/CodeSystem/feedback-status"/>
  <version value="0.1.0"/>
  <name value="FeedbackStatusCS"/>
  <title value="Feedback Status (CommunicationRequest)"/>
  <status value="draft"/>
  <date value="2025-08-26T15:39:34+00:00"/>
  <publisher value="openIMIS Initiative"/>
  <contact>
    <name value="openIMIS Initiative"/>
    <telecom>
      <system value="url"/>
      <value value="https://www.openimis.org"/>
    </telecom>
  </contact>
  <contact>
    <name value="Dragos Dobre"/>
    <telecom>
      <system value="email"/>
      <value value="dragos.dobre@swisstph.ch"/>
      <use value="work"/>
    </telecom>
  </contact>
  <contact>
    <name value="Hiren Soni"/>
    <telecom>
      <system value="email"/>
      <value value="hiren.soni@swisstph.ch"/>
      <use value="work"/>
    </telecom>
  </contact>
  <description value="Indicates the Feedback Status for a CommunicationRequest. Partial list defined by openIMIS. Can not be extended."/>
  <content value="complete"/>
  <count value="3"/>
  <concept>
    <code value="4"/>
    <display value="Selected"/>
    <definition value="Selected for Feedback"/>
  </concept>
  <concept>
    <code value="8"/>
    <display value="Delivered"/>
    <definition value="Feedback delivered"/>
  </concept>
  <concept>
    <code value="16"/>
    <display value="Bypassed"/>
    <definition value="Feedback bypassed"/>
  </concept>
</CodeSystem>