<?xml version="1.0" encoding="UTF-8"?>

<CodeSystem xmlns="http://hl7.org/fhir">
  <id value="activity-definition-service-type"/>
  <text>
    <status value="generated"/><div xmlns="http://www.w3.org/1999/xhtml"><p class="res-header-id"><b>Generated Narrative: CodeSystem activity-definition-service-type</b></p><a name="activity-definition-service-type"> </a><a name="hcactivity-definition-service-type"> </a><p>This  code system <code>https://github.com/openimis/openimis_fhir_r5_ig/CodeSystem/activity-definition-service-type</code> defines the following codes:</p><table class="codes"><tr><td style="white-space:nowrap"><b>Code</b></td><td><b>Display</b></td></tr><tr><td style="white-space:nowrap">C<a name="activity-definition-service-type-C"> </a></td><td>Curative</td></tr><tr><td style="white-space:nowrap">P<a name="activity-definition-service-type-P"> </a></td><td>Preventive</td></tr></table></div>
  </text>
  <url value="https://github.com/openimis/openimis_fhir_r5_ig/CodeSystem/activity-definition-service-type"/>
  <version value="0.1.0"/>
  <name value="ActivityDefinitionServiceTypeCS"/>
  <title value="Service Type (ActivityDefinition)"/>
  <status value="draft"/>
  <date value="2025-08-26T15:39:34+00:00"/>
  <publisher value="openIMIS Initiative"/>
  <contact>
    <name value="openIMIS Initiative"/>
    <telecom>
      <system value="url"/>
      <value value="https://www.openimis.org"/>
    </telecom>
  </contact>
  <contact>
    <name value="Dragos Dobre"/>
    <telecom>
      <system value="email"/>
      <value value="dragos.dobre@swisstph.ch"/>
      <use value="work"/>
    </telecom>
  </contact>
  <contact>
    <name value="Hiren Soni"/>
    <telecom>
      <system value="email"/>
      <value value="hiren.soni@swisstph.ch"/>
      <use value="work"/>
    </telecom>
  </contact>
  <description value="Indicates the Service Type for an ActivityDefinition. Values defined by openIMIS. Can not be extended."/>
  <content value="complete"/>
  <count value="2"/>
  <concept>
    <code value="C"/>
    <display value="Curative"/>
  </concept>
  <concept>
    <code value="P"/>
    <display value="Preventive"/>
  </concept>
</CodeSystem>