<?xml version="1.0" encoding="UTF-8"?>

<CodeSystem xmlns="http://hl7.org/fhir">
  <id value="organization-hf-level"/>
  <text>
    <status value="generated"/><div xmlns="http://www.w3.org/1999/xhtml"><p class="res-header-id"><b>Generated Narrative: CodeSystem organization-hf-level</b></p><a name="organization-hf-level"> </a><a name="hcorganization-hf-level"> </a><p>This  code system <code>https://github.com/openimis/openimis_fhir_r5_ig/CodeSystem/organization-hf-level</code> defines the following codes:</p><table class="codes"><tr><td style="white-space:nowrap"><b>Code</b></td><td><b>Display</b></td></tr><tr><td style="white-space:nowrap">D<a name="organization-hf-level-D"> </a></td><td>Dispensary</td></tr><tr><td style="white-space:nowrap">C<a name="organization-hf-level-C"> </a></td><td>Health Centre</td></tr><tr><td style="white-space:nowrap">H<a name="organization-hf-level-H"> </a></td><td>Hospital</td></tr></table></div>
  </text>
  <url value="https://github.com/openimis/openimis_fhir_r5_ig/CodeSystem/organization-hf-level"/>
  <version value="0.1.0"/>
  <name value="OrganizationHFLevelCS"/>
  <title value="Health Facility Level (Organization)"/>
  <status value="draft"/>
  <date value="2025-08-26T15:39:34+00:00"/>
  <publisher value="openIMIS Initiative"/>
  <contact>
    <name value="openIMIS Initiative"/>
    <telecom>
      <system value="url"/>
      <value value="https://www.openimis.org"/>
    </telecom>
  </contact>
  <contact>
    <name value="Dragos Dobre"/>
    <telecom>
      <system value="email"/>
      <value value="dragos.dobre@swisstph.ch"/>
      <use value="work"/>
    </telecom>
  </contact>
  <contact>
    <name value="Hiren Soni"/>
    <telecom>
      <system value="email"/>
      <value value="hiren.soni@swisstph.ch"/>
      <use value="work"/>
    </telecom>
  </contact>
  <description value="Indicates the level of the Health Facility (Organization). Values defined by openIMIS. Cannot be extended."/>
  <content value="complete"/>
  <count value="3"/>
  <concept>
    <code value="D"/>
    <display value="Dispensary"/>
  </concept>
  <concept>
    <code value="C"/>
    <display value="Health Centre"/>
  </concept>
  <concept>
    <code value="H"/>
    <display value="Hospital"/>
  </concept>
</CodeSystem>