<?xml version="1.0" encoding="UTF-8"?>

<CodeSystem xmlns="http://hl7.org/fhir">
  <id value="claim-visit-type"/>
  <text>
    <status value="generated"/><div xmlns="http://www.w3.org/1999/xhtml"><p class="res-header-id"><b>Generated Narrative: CodeSystem claim-visit-type</b></p><a name="claim-visit-type"> </a><a name="hcclaim-visit-type"> </a><p>This  code system <code>https://github.com/openimis/openimis_fhir_r5_ig/CodeSystem/claim-visit-type</code> defines the following codes:</p><table class="codes"><tr><td style="white-space:nowrap"><b>Code</b></td><td><b>Display</b></td></tr><tr><td style="white-space:nowrap">E<a name="claim-visit-type-E"> </a></td><td>Emergency</td></tr><tr><td style="white-space:nowrap">R<a name="claim-visit-type-R"> </a></td><td>Referrals</td></tr><tr><td style="white-space:nowrap">O<a name="claim-visit-type-O"> </a></td><td>Other</td></tr></table></div>
  </text>
  <url value="https://github.com/openimis/openimis_fhir_r5_ig/CodeSystem/claim-visit-type"/>
  <version value="0.1.0"/>
  <name value="ClaimVisitTypeCS"/>
  <title value="Visit Type (Claim)"/>
  <status value="draft"/>
  <date value="2025-08-26T15:39:34+00:00"/>
  <publisher value="openIMIS Initiative"/>
  <contact>
    <name value="openIMIS Initiative"/>
    <telecom>
      <system value="url"/>
      <value value="https://www.openimis.org"/>
    </telecom>
  </contact>
  <contact>
    <name value="Dragos Dobre"/>
    <telecom>
      <system value="email"/>
      <value value="dragos.dobre@swisstph.ch"/>
      <use value="work"/>
    </telecom>
  </contact>
  <contact>
    <name value="Hiren Soni"/>
    <telecom>
      <system value="email"/>
      <value value="hiren.soni@swisstph.ch"/>
      <use value="work"/>
    </telecom>
  </contact>
  <description value="Indicates the visit type of the Claim. &#xA;Values limited by openIMIS."/>
  <content value="complete"/>
  <count value="3"/>
  <concept>
    <code value="E"/>
    <display value="Emergency"/>
  </concept>
  <concept>
    <code value="R"/>
    <display value="Referrals"/>
  </concept>
  <concept>
    <code value="O"/>
    <display value="Other"/>
  </concept>
</CodeSystem>