{
  "resourceType" : "CodeSystem",
  "id" : "patient-identification-type",
  "text" : {
    "status" : "generated",
    "div" : "<div xmlns=\"http://www.w3.org/1999/xhtml\"><p class=\"res-header-id\"><b>Generated Narrative: CodeSystem patient-identification-type</b></p><a name=\"patient-identification-type\"> </a><a name=\"hcpatient-identification-type\"> </a><p>This  code system <code>https://https://github.com/openimis/openimis_fhir_r5_ig.io/openimis_fhir_r5_ig/CodeSystem-patient-identification-types</code> defines the following codes:</p><table class=\"codes\"><tr><td style=\"white-space:nowrap\"><b>Code</b></td><td><b>Display</b></td></tr><tr><td style=\"white-space:nowrap\">D<a name=\"patient-identification-type-D\"> </a></td><td>Driver's License</td></tr><tr><td style=\"white-space:nowrap\">N<a name=\"patient-identification-type-N\"> </a></td><td>National ID</td></tr><tr><td style=\"white-space:nowrap\">P<a name=\"patient-identification-type-P\"> </a></td><td>Passport</td></tr><tr><td style=\"white-space:nowrap\">V<a name=\"patient-identification-type-V\"> </a></td><td>Voter Card</td></tr></table></div>"
  },
  "url" : "https://https://github.com/openimis/openimis_fhir_r5_ig.io/openimis_fhir_r5_ig/CodeSystem-patient-identification-types",
  "version" : "0.1.0",
  "name" : "PatientIdentificationTypeCS",
  "title" : "Identification Type (Patient)",
  "status" : "draft",
  "date" : "2025-08-26T15:39:34+00:00",
  "publisher" : "openIMIS Initiative",
  "contact" : [{
    "name" : "openIMIS Initiative",
    "telecom" : [{
      "system" : "url",
      "value" : "https://www.openimis.org"
    }]
  },
  {
    "name" : "Dragos Dobre",
    "telecom" : [{
      "system" : "email",
      "value" : "dragos.dobre@swisstph.ch",
      "use" : "work"
    }]
  },
  {
    "name" : "Hiren Soni",
    "telecom" : [{
      "system" : "email",
      "value" : "hiren.soni@swisstph.ch",
      "use" : "work"
    }]
  }],
  "description" : "Indicates the type of document the Patient used to identify himself. Values defined by openIMIS. Can be extended.",
  "content" : "complete",
  "count" : 4,
  "concept" : [{
    "code" : "D",
    "display" : "Driver's License"
  },
  {
    "code" : "N",
    "display" : "National ID"
  },
  {
    "code" : "P",
    "display" : "Passport"
  },
  {
    "code" : "V",
    "display" : "Voter Card"
  }]
}