<?xml version="1.0" encoding="UTF-8"?>

<CodeSystem xmlns="http://hl7.org/fhir">
  <id value="medication-level"/>
  <text>
    <status value="generated"/><div xmlns="http://www.w3.org/1999/xhtml"><p class="res-header-id"><b>Generated Narrative: CodeSystem medication-level</b></p><a name="medication-level"> </a><a name="hcmedication-level"> </a><p>This  code system <code>https://github.com/openimis/openimis_fhir_r5_ig/CodeSystem/medication-level</code> defines the following code:</p><table class="codes"><tr><td style="white-space:nowrap"><b>Code</b></td><td><b>Display</b></td></tr><tr><td style="white-space:nowrap">M<a name="medication-level-M"> </a></td><td>Medication</td></tr></table></div>
  </text>
  <url value="https://github.com/openimis/openimis_fhir_r5_ig/CodeSystem/medication-level"/>
  <version value="0.1.0"/>
  <name value="MedicationLevelCS"/>
  <title value="Level (Medication)"/>
  <status value="draft"/>
  <date value="2025-08-26T15:39:34+00:00"/>
  <publisher value="openIMIS Initiative"/>
  <contact>
    <name value="openIMIS Initiative"/>
    <telecom>
      <system value="url"/>
      <value value="https://www.openimis.org"/>
    </telecom>
  </contact>
  <contact>
    <name value="Dragos Dobre"/>
    <telecom>
      <system value="email"/>
      <value value="dragos.dobre@swisstph.ch"/>
      <use value="work"/>
    </telecom>
  </contact>
  <contact>
    <name value="Hiren Soni"/>
    <telecom>
      <system value="email"/>
      <value value="hiren.soni@swisstph.ch"/>
      <use value="work"/>
    </telecom>
  </contact>
  <description value="Indicates the Level for a Medication. Values defined by openIMIS. Can not be extended."/>
  <content value="complete"/>
  <count value="1"/>
  <concept>
    <code value="M"/>
    <display value="Medication"/>
  </concept>
</CodeSystem>