{
  "resourceType" : "ValueSet",
  "id" : "practitioner-qualification-type",
  "text" : {
    "status" : "generated",
    "div" : "<div xmlns=\"http://www.w3.org/1999/xhtml\"><p class=\"res-header-id\"><b>Generated Narrative: ValueSet practitioner-qualification-type</b></p><a name=\"practitioner-qualification-type\"> </a><a name=\"hcpractitioner-qualification-type\"> </a><ul><li>Include all codes defined in <a href=\"CodeSystem-practitioner-qualification-type.html\"><code>https://github.com/openimis/openimis_fhir_r5_ig/CodeSystem/practitioner-qualification-type</code></a></li></ul></div>"
  },
  "url" : "https://github.com/openimis/openimis_fhir_r5_ig/ValueSet/practitioner-qualification-type",
  "version" : "0.1.0",
  "name" : "PractitionerQualificationTypeVS",
  "title" : "Practitioner Qualification Type",
  "status" : "draft",
  "date" : "2025-08-26T15:39:34+00:00",
  "publisher" : "openIMIS Initiative",
  "contact" : [{
    "name" : "openIMIS Initiative",
    "telecom" : [{
      "system" : "url",
      "value" : "https://www.openimis.org"
    }]
  },
  {
    "name" : "Dragos Dobre",
    "telecom" : [{
      "system" : "email",
      "value" : "dragos.dobre@swisstph.ch",
      "use" : "work"
    }]
  },
  {
    "name" : "Hiren Soni",
    "telecom" : [{
      "system" : "email",
      "value" : "hiren.soni@swisstph.ch",
      "use" : "work"
    }]
  }],
  "description" : "Indicates the Qualification Type of a Practitioner.",
  "compose" : {
    "include" : [{
      "system" : "https://github.com/openimis/openimis_fhir_r5_ig/CodeSystem/practitioner-qualification-type"
    }]
  }
}