{
  "resourceType" : "ValueSet",
  "id" : "contract-premium-category",
  "text" : {
    "status" : "generated",
    "div" : "<div xmlns=\"http://www.w3.org/1999/xhtml\"><p class=\"res-header-id\"><b>Generated Narrative: ValueSet contract-premium-category</b></p><a name=\"contract-premium-category\"> </a><a name=\"hccontract-premium-category\"> </a><ul><li>Include all codes defined in <a href=\"CodeSystem-contract-premium-category.html\"><code>https://github.com/openimis/openimis_fhir_r5_ig/CodeSystem/contract-premium-category</code></a></li></ul></div>"
  },
  "url" : "https://github.com/openimis/openimis_fhir_r5_ig/ValueSet/contract-premium-category",
  "version" : "0.1.0",
  "name" : "ContractPremiumCategoryVS",
  "title" : "Premium Category (Contract)",
  "status" : "draft",
  "date" : "2025-08-26T15:39:34+00:00",
  "publisher" : "openIMIS Initiative",
  "contact" : [{
    "name" : "openIMIS Initiative",
    "telecom" : [{
      "system" : "url",
      "value" : "https://www.openimis.org"
    }]
  },
  {
    "name" : "Dragos Dobre",
    "telecom" : [{
      "system" : "email",
      "value" : "dragos.dobre@swisstph.ch",
      "use" : "work"
    }]
  },
  {
    "name" : "Hiren Soni",
    "telecom" : [{
      "system" : "email",
      "value" : "hiren.soni@swisstph.ch",
      "use" : "work"
    }]
  }],
  "description" : "Indicates the category of the premium for the Contract. Cannot be extended.",
  "compose" : {
    "include" : [{
      "system" : "https://github.com/openimis/openimis_fhir_r5_ig/CodeSystem/contract-premium-category"
    }]
  }
}