{
  "resourceType" : "ValueSet",
  "id" : "claim-visit-type",
  "text" : {
    "status" : "generated",
    "div" : "<div xmlns=\"http://www.w3.org/1999/xhtml\"><p class=\"res-header-id\"><b>Generated Narrative: ValueSet claim-visit-type</b></p><a name=\"claim-visit-type\"> </a><a name=\"hcclaim-visit-type\"> </a><ul><li>Include all codes defined in <a href=\"CodeSystem-claim-visit-type.html\"><code>https://github.com/openimis/openimis_fhir_r5_ig/CodeSystem/claim-visit-type</code></a></li></ul></div>"
  },
  "url" : "https://github.com/openimis/openimis_fhir_r5_ig/ValueSet/claim-visit-type",
  "version" : "0.1.0",
  "name" : "ClaimVisitTypeVS",
  "title" : "Visit Type Codes (Claim)",
  "status" : "draft",
  "date" : "2025-08-26T15:39:34+00:00",
  "publisher" : "openIMIS Initiative",
  "contact" : [{
    "name" : "openIMIS Initiative",
    "telecom" : [{
      "system" : "url",
      "value" : "https://www.openimis.org"
    }]
  },
  {
    "name" : "Dragos Dobre",
    "telecom" : [{
      "system" : "email",
      "value" : "dragos.dobre@swisstph.ch",
      "use" : "work"
    }]
  },
  {
    "name" : "Hiren Soni",
    "telecom" : [{
      "system" : "email",
      "value" : "hiren.soni@swisstph.ch",
      "use" : "work"
    }]
  }],
  "description" : "Indicates the visit type of the Claim. \nValues limited by openIMIS.",
  "compose" : {
    "include" : [{
      "system" : "https://github.com/openimis/openimis_fhir_r5_ig/CodeSystem/claim-visit-type"
    }]
  }
}