{
  "resourceType" : "ValueSet",
  "id" : "group-confirmation-type",
  "text" : {
    "status" : "generated",
    "div" : "<div xmlns=\"http://www.w3.org/1999/xhtml\"><p class=\"res-header-id\"><b>Generated Narrative: ValueSet group-confirmation-type</b></p><a name=\"group-confirmation-type\"> </a><a name=\"hcgroup-confirmation-type\"> </a><ul><li>Include all codes defined in <a href=\"CodeSystem-group-confirmation-type.html\"><code>https://github.com/openimis/openimis_fhir_r5_ig/CodeSystem/group-confirmation-type</code></a></li></ul></div>"
  },
  "url" : "https://github.com/openimis/openimis_fhir_r5_ig/ValueSet/group-confirmation-type",
  "version" : "0.1.0",
  "name" : "GroupConfirmationTypeVS",
  "title" : "Confirmation Types (Group)",
  "status" : "draft",
  "date" : "2025-08-26T15:39:34+00:00",
  "publisher" : "openIMIS Initiative",
  "contact" : [{
    "name" : "openIMIS Initiative",
    "telecom" : [{
      "system" : "url",
      "value" : "https://www.openimis.org"
    }]
  },
  {
    "name" : "Dragos Dobre",
    "telecom" : [{
      "system" : "email",
      "value" : "dragos.dobre@swisstph.ch",
      "use" : "work"
    }]
  },
  {
    "name" : "Hiren Soni",
    "telecom" : [{
      "system" : "email",
      "value" : "hiren.soni@swisstph.ch",
      "use" : "work"
    }]
  }],
  "description" : "Indicates the confirmation type for the Group. Values defined by openIMIS. Can be extended.",
  "compose" : {
    "include" : [{
      "system" : "https://github.com/openimis/openimis_fhir_r5_ig/CodeSystem/group-confirmation-type"
    }]
  }
}