{
  "resourceType" : "ValueSet",
  "id" : "feedback-status",
  "text" : {
    "status" : "generated",
    "div" : "<div xmlns=\"http://www.w3.org/1999/xhtml\"><p class=\"res-header-id\"><b>Generated Narrative: ValueSet feedback-status</b></p><a name=\"feedback-status\"> </a><a name=\"hcfeedback-status\"> </a><ul><li>Include all codes defined in <a href=\"CodeSystem-feedback-status.html\"><code>https://github.com/openimis/openimis_fhir_r5_ig/CodeSystem/feedback-status</code></a></li></ul></div>"
  },
  "url" : "https://github.com/openimis/openimis_fhir_r5_ig/ValueSet/feedback-status",
  "version" : "0.1.0",
  "name" : "FeedbackStatusVS",
  "title" : "Feedback Status (CommunicationRequest)",
  "status" : "draft",
  "date" : "2025-08-26T15:39:34+00:00",
  "publisher" : "openIMIS Initiative",
  "contact" : [{
    "name" : "openIMIS Initiative",
    "telecom" : [{
      "system" : "url",
      "value" : "https://www.openimis.org"
    }]
  },
  {
    "name" : "Dragos Dobre",
    "telecom" : [{
      "system" : "email",
      "value" : "dragos.dobre@swisstph.ch",
      "use" : "work"
    }]
  },
  {
    "name" : "Hiren Soni",
    "telecom" : [{
      "system" : "email",
      "value" : "hiren.soni@swisstph.ch",
      "use" : "work"
    }]
  }],
  "description" : "Indicates the Feedback Status for a CommunicationRequest. Partial list defined by openIMIS. Can not be extended.",
  "compose" : {
    "include" : [{
      "system" : "https://github.com/openimis/openimis_fhir_r5_ig/CodeSystem/feedback-status"
    }]
  }
}