{
  "resourceType" : "ValueSet",
  "id" : "organization-hf-care-type",
  "text" : {
    "status" : "generated",
    "div" : "<div xmlns=\"http://www.w3.org/1999/xhtml\"><p class=\"res-header-id\"><b>Generated Narrative: ValueSet organization-hf-care-type</b></p><a name=\"organization-hf-care-type\"> </a><a name=\"hcorganization-hf-care-type\"> </a><ul><li>Include all codes defined in <a href=\"CodeSystem-organization-hf-care-type.html\"><code>https://github.com/openimis/openimis_fhir_r5_ig/CodeSystem/organization-hf-care-type</code></a></li></ul></div>"
  },
  "url" : "https://github.com/openimis/openimis_fhir_r5_ig/ValueSet/organization-hf-care-type",
  "version" : "0.1.0",
  "name" : "OrganizationHFCareTypeVS",
  "title" : "Health Facility Care Type (Organization)",
  "status" : "draft",
  "date" : "2025-08-26T15:39:34+00:00",
  "publisher" : "openIMIS Initiative",
  "contact" : [{
    "name" : "openIMIS Initiative",
    "telecom" : [{
      "system" : "url",
      "value" : "https://www.openimis.org"
    }]
  },
  {
    "name" : "Dragos Dobre",
    "telecom" : [{
      "system" : "email",
      "value" : "dragos.dobre@swisstph.ch",
      "use" : "work"
    }]
  },
  {
    "name" : "Hiren Soni",
    "telecom" : [{
      "system" : "email",
      "value" : "hiren.soni@swisstph.ch",
      "use" : "work"
    }]
  }],
  "description" : "Indicates the care type of the Health Facility (Organization). Values defined by openIMIS. Cannot be extended.",
  "compose" : {
    "include" : [{
      "system" : "https://github.com/openimis/openimis_fhir_r5_ig/CodeSystem/organization-hf-care-type"
    }]
  }
}