{
  "resourceType" : "ValueSet",
  "id" : "insurance-plan-coverage-benefit-limit",
  "text" : {
    "status" : "generated",
    "div" : "<div xmlns=\"http://www.w3.org/1999/xhtml\"><p class=\"res-header-id\"><b>Generated Narrative: ValueSet insurance-plan-coverage-benefit-limit</b></p><a name=\"insurance-plan-coverage-benefit-limit\"> </a><a name=\"hcinsurance-plan-coverage-benefit-limit\"> </a><ul><li>Include all codes defined in <a href=\"CodeSystem-insurance-plan-coverage-benefit-limit.html\"><code>https://github.com/openimis/openimis_fhir_r5_ig/CodeSystem/insurance-plan-coverage-benefit-limit</code></a></li></ul></div>"
  },
  "url" : "https://github.com/openimis/openimis_fhir_r5_ig/ValueSet/insurance-plan-coverage-benefit-limit",
  "version" : "0.1.0",
  "name" : "InsurancePlanCoverageBenefitLimitVS",
  "title" : "Coverage Benefit Limit Types (InsurancePlan)",
  "status" : "draft",
  "date" : "2025-08-26T15:39:34+00:00",
  "publisher" : "openIMIS Initiative",
  "contact" : [{
    "name" : "openIMIS Initiative",
    "telecom" : [{
      "system" : "url",
      "value" : "https://www.openimis.org"
    }]
  },
  {
    "name" : "Dragos Dobre",
    "telecom" : [{
      "system" : "email",
      "value" : "dragos.dobre@swisstph.ch",
      "use" : "work"
    }]
  },
  {
    "name" : "Hiren Soni",
    "telecom" : [{
      "system" : "email",
      "value" : "hiren.soni@swisstph.ch",
      "use" : "work"
    }]
  }],
  "description" : "Indicates the Coverage Benefit Limit Types for an InsurancePlan. Values defined by openIMIS. Can not be extended.",
  "compose" : {
    "include" : [{
      "system" : "https://github.com/openimis/openimis_fhir_r5_ig/CodeSystem/insurance-plan-coverage-benefit-limit"
    }]
  }
}