{
  "resourceType" : "ValueSet",
  "id" : "patient-contact-relationship",
  "text" : {
    "status" : "generated",
    "div" : "<div xmlns=\"http://www.w3.org/1999/xhtml\"><p class=\"res-header-id\"><b>Generated Narrative: ValueSet patient-contact-relationship</b></p><a name=\"patient-contact-relationship\"> </a><a name=\"hcpatient-contact-relationship\"> </a><ul><li>Include all codes defined in <a href=\"CodeSystem-patient-contact-relationship.html\"><code>https://github.com/openimis/openimis_fhir_r5_ig/CodeSystem/patient-contact-relationship</code></a></li></ul></div>"
  },
  "url" : "https://github.com/openimis/openimis_fhir_r5_ig/ValueSet/patient-contact-relationship",
  "version" : "0.1.0",
  "name" : "PatientContactRelationshipVS",
  "title" : "Contact Relationship (Patient)",
  "status" : "draft",
  "date" : "2025-08-26T15:39:34+00:00",
  "publisher" : "openIMIS Initiative",
  "contact" : [{
    "name" : "openIMIS Initiative",
    "telecom" : [{
      "system" : "url",
      "value" : "https://www.openimis.org"
    }]
  },
  {
    "name" : "Dragos Dobre",
    "telecom" : [{
      "system" : "email",
      "value" : "dragos.dobre@swisstph.ch",
      "use" : "work"
    }]
  },
  {
    "name" : "Hiren Soni",
    "telecom" : [{
      "system" : "email",
      "value" : "hiren.soni@swisstph.ch",
      "use" : "work"
    }]
  }],
  "description" : "Indicates the Relationship of a Patient with the Head of the Family.",
  "compose" : {
    "include" : [{
      "system" : "https://github.com/openimis/openimis_fhir_r5_ig/CodeSystem/patient-contact-relationship"
    }]
  }
}