{
  "resourceType" : "ValueSet",
  "id" : "communication-request-status",
  "text" : {
    "status" : "extensions",
    "div" : "<div xmlns=\"http://www.w3.org/1999/xhtml\"><p class=\"res-header-id\"><b>Generated Narrative: ValueSet communication-request-status</b></p><a name=\"communication-request-status\"> </a><a name=\"hccommunication-request-status\"> </a><ul><li>Include these codes as defined in <a href=\"http://hl7.org/fhir/R5/codesystem-request-status.html\"><code>http://hl7.org/fhir/request-status</code></a><table class=\"none\"><tr><td style=\"white-space:nowrap\"><b>Code</b></td><td><b>Display</b></td><td><b>Definition</b></td></tr><tr><td><a href=\"http://hl7.org/fhir/R5/codesystem-request-status.html#request-status-active\">active</a></td><td>Active</td><td>The request is in force and ready to be acted upon.</td></tr><tr><td><a href=\"http://hl7.org/fhir/R5/codesystem-request-status.html#request-status-revoked\">revoked</a></td><td>Revoked</td><td>The request (and any implicit authorization to act) has been terminated prior to the known full completion of the intended actions.  No further activity should occur.</td></tr><tr><td><a href=\"http://hl7.org/fhir/R5/codesystem-request-status.html#request-status-completed\">completed</a></td><td>Completed</td><td>The activity described by the request has been fully performed.  No further activity will occur.</td></tr></table></li></ul></div>"
  },
  "url" : "https://github.com/openimis/openimis_fhir_r5_ig/ValueSet/communication-request-status",
  "version" : "0.1.0",
  "name" : "CommunicationRequestStatusVS",
  "title" : "Claim Feedback Status (CommunicationRequest)",
  "status" : "draft",
  "date" : "2025-08-26T15:39:34+00:00",
  "publisher" : "openIMIS Initiative",
  "contact" : [{
    "name" : "openIMIS Initiative",
    "telecom" : [{
      "system" : "url",
      "value" : "https://www.openimis.org"
    }]
  },
  {
    "name" : "Dragos Dobre",
    "telecom" : [{
      "system" : "email",
      "value" : "dragos.dobre@swisstph.ch",
      "use" : "work"
    }]
  },
  {
    "name" : "Hiren Soni",
    "telecom" : [{
      "system" : "email",
      "value" : "hiren.soni@swisstph.ch",
      "use" : "work"
    }]
  }],
  "description" : "Indicates the status of a feedback (Claim).",
  "compose" : {
    "include" : [{
      "system" : "http://hl7.org/fhir/request-status",
      "concept" : [{
        "code" : "active",
        "display" : "Active"
      },
      {
        "code" : "revoked",
        "display" : "Revoked"
      },
      {
        "code" : "completed",
        "display" : "Completed"
      }]
    }]
  }
}