{"resourceType":"ActivityDefinition","id":"GeneralConsultationService","meta":{"profile":["https://github.com/openimis/openimis_fhir_r5_ig/StructureDefinition/openimis-activity-definition"]},"extension":[{"url":"https://github.com/openimis/openimis_fhir_r5_ig/StructureDefinition/unit-price","valueMoney":{"value":40,"currency":"EUR"}}],"url":"https://github.com/openimis/openimis_fhir_r5_ig/ActivityDefinition/GeneralConsultationService","identifier":[{"type":{"coding":[{"system":"https://github.com/openimis/openimis_fhir_r5_ig/CodeSystem/openimis-identifiers","code":"Code"}]},"value":"A1"},{"type":{"coding":[{"system":"https://github.com/openimis/openimis_fhir_r5_ig/CodeSystem/openimis-identifiers","code":"UUID"}]},"value":"db2c3a6c-af07-49bd-8f6a-96aa1fc2bcf9"}],"version":"0.1.0","name":"A1","title":"General Consultation","status":"active","date":"2020-01-01","publisher":"openIMIS Initiative","contact":[{"name":"openIMIS Initiative","telecom":[{"system":"url","value":"https://www.openimis.org"}]},{"name":"Dragos Dobre","telecom":[{"system":"email","value":"dragos.dobre@swisstph.ch","use":"work"}]},{"name":"Hiren Soni","telecom":[{"system":"email","value":"hiren.soni@swisstph.ch","use":"work"}]}],"useContext":[{"code":{"system":"http://terminology.hl7.org/CodeSystem/usage-context-type","code":"venue","display":"Clinical Venue"},"valueCodeableConcept":{"coding":[{"system":"http://terminology.hl7.org/CodeSystem/v3-ActCode","code":"AMB","display":"ambulatory"}]}},{"code":{"system":"http://terminology.hl7.org/CodeSystem/usage-context-type","code":"gender","display":"Gender"},"valueCodeableConcept":{"coding":[{"system":"http://hl7.org/fhir/administrative-gender","code":"male","display":"Male"},{"system":"http://hl7.org/fhir/administrative-gender","code":"female","display":"Female"}]}},{"code":{"system":"http://terminology.hl7.org/CodeSystem/usage-context-type","code":"age","display":"Age Range"},"valueCodeableConcept":{"coding":[{"system":"https://github.com/openimis/openimis_fhir_r5_ig/CodeSystem/usage-context-age-type","code":"adult","display":"Adult"},{"system":"https://github.com/openimis/openimis_fhir_r5_ig/CodeSystem/usage-context-age-type","code":"child","display":"Child"}]}}],"topic":[{"coding":[{"system":"https://github.com/openimis/openimis_fhir_r5_ig/CodeSystem/activity-definition-service-type","code":"P","display":"Preventive"}]}],"timingTiming":{"repeat":{"frequency":1,"period":0,"periodUnit":"d"}}}