{"resourceType":"CodeSystem","id":"contract-scope","text":{"status":"generated","div":"<div xmlns=\"http://www.w3.org/1999/xhtml\"><p class=\"res-header-id\"><b>Generated Narrative: CodeSystem contract-scope</b></p><a name=\"contract-scope\"> </a><a name=\"hccontract-scope\"> </a><p>This  code system <code>https://github.com/openimis/openimis_fhir_r5_ig/CodeSystem/contract-scope</code> defines the following codes:</p><table class=\"codes\"><tr><td style=\"white-space:nowrap\"><b>Code</b></td><td><b>Display</b></td></tr><tr><td style=\"white-space:nowrap\">formal<a name=\"contract-scope-formal\"> </a></td><td>Formal Sector</td></tr><tr><td style=\"white-space:nowrap\">informal<a name=\"contract-scope-informal\"> </a></td><td>Informal Sector</td></tr></table></div>"},"url":"https://github.com/openimis/openimis_fhir_r5_ig/CodeSystem/contract-scope","version":"0.1.0","name":"ContractScopeCS","title":"Scope (Contract)","status":"draft","date":"2025-08-26T15:39:34+00:00","publisher":"openIMIS Initiative","contact":[{"name":"openIMIS Initiative","telecom":[{"system":"url","value":"https://www.openimis.org"}]},{"name":"Dragos Dobre","telecom":[{"system":"email","value":"dragos.dobre@swisstph.ch","use":"work"}]},{"name":"Hiren Soni","telecom":[{"system":"email","value":"hiren.soni@swisstph.ch","use":"work"}]}],"description":"Indicates the scope for the Contract. Values defined by openIMIS. Cannot be extended.","content":"complete","count":2,"concept":[{"code":"formal","display":"Formal Sector"},{"code":"informal","display":"Informal Sector"}]}