{"resourceType":"CodeSystem","id":"usage-context-age-type","text":{"status":"generated","div":"<div xmlns=\"http://www.w3.org/1999/xhtml\"><p class=\"res-header-id\"><b>Generated Narrative: CodeSystem usage-context-age-type</b></p><a name=\"usage-context-age-type\"> </a><a name=\"hcusage-context-age-type\"> </a><p>This  code system <code>https://github.com/openimis/openimis_fhir_r5_ig/CodeSystem/usage-context-age-type</code> defines the following codes:</p><table class=\"codes\"><tr><td style=\"white-space:nowrap\"><b>Code</b></td><td><b>Display</b></td></tr><tr><td style=\"white-space:nowrap\">adult<a name=\"usage-context-age-type-adult\"> </a></td><td>Adult</td></tr><tr><td style=\"white-space:nowrap\">child<a name=\"usage-context-age-type-child\"> </a></td><td>Child</td></tr></table></div>"},"url":"https://github.com/openimis/openimis_fhir_r5_ig/CodeSystem/usage-context-age-type","version":"0.1.0","name":"UsageContextAgeTypeCS","title":"Usage Context for Age Type (ActivityDefinition|Medication)","status":"draft","date":"2025-08-26T15:39:34+00:00","publisher":"openIMIS Initiative","contact":[{"name":"openIMIS Initiative","telecom":[{"system":"url","value":"https://www.openimis.org"}]},{"name":"Dragos Dobre","telecom":[{"system":"email","value":"dragos.dobre@swisstph.ch","use":"work"}]},{"name":"Hiren Soni","telecom":[{"system":"email","value":"hiren.soni@swisstph.ch","use":"work"}]}],"description":"Indicates the Usage Context for Age Type for an ActivityDefinition or Medication. Values defined by openIMIS. Cannot be extended.","content":"complete","count":2,"concept":[{"code":"adult","display":"Adult"},{"code":"child","display":"Child"}]}