{"resourceType":"CodeSystem","id":"group-confirmation-type","text":{"status":"generated","div":"<div xmlns=\"http://www.w3.org/1999/xhtml\"><p class=\"res-header-id\"><b>Generated Narrative: CodeSystem group-confirmation-type</b></p><a name=\"group-confirmation-type\"> </a><a name=\"hcgroup-confirmation-type\"> </a><p>This  code system <code>https://github.com/openimis/openimis_fhir_r5_ig/CodeSystem/group-confirmation-type</code> defines the following codes:</p><table class=\"codes\"><tr><td style=\"white-space:nowrap\"><b>Code</b></td><td><b>Display</b></td></tr><tr><td style=\"white-space:nowrap\">A<a name=\"group-confirmation-type-A\"> </a></td><td>Local council</td></tr><tr><td style=\"white-space:nowrap\">B<a name=\"group-confirmation-type-B\"> </a></td><td>Municipality</td></tr><tr><td style=\"white-space:nowrap\">C<a name=\"group-confirmation-type-C\"> </a></td><td>State</td></tr><tr><td style=\"white-space:nowrap\">D<a name=\"group-confirmation-type-D\"> </a></td><td>Other</td></tr></table></div>"},"url":"https://github.com/openimis/openimis_fhir_r5_ig/CodeSystem/group-confirmation-type","version":"0.1.0","name":"GroupConfirmationTypeCS","title":"Confirmation Types (Group)","status":"draft","date":"2025-08-26T15:39:34+00:00","publisher":"openIMIS Initiative","contact":[{"name":"openIMIS Initiative","telecom":[{"system":"url","value":"https://www.openimis.org"}]},{"name":"Dragos Dobre","telecom":[{"system":"email","value":"dragos.dobre@swisstph.ch","use":"work"}]},{"name":"Hiren Soni","telecom":[{"system":"email","value":"hiren.soni@swisstph.ch","use":"work"}]}],"description":"Indicates the confirmation type for the Group. Values defined by openIMIS. Can be extended.","content":"complete","count":4,"concept":[{"code":"A","display":"Local council"},{"code":"B","display":"Municipality"},{"code":"C","display":"State"},{"code":"D","display":"Other"}]}