{"resourceType":"CodeSystem","id":"organization-hf-level","text":{"status":"generated","div":"<div xmlns=\"http://www.w3.org/1999/xhtml\"><p class=\"res-header-id\"><b>Generated Narrative: CodeSystem organization-hf-level</b></p><a name=\"organization-hf-level\"> </a><a name=\"hcorganization-hf-level\"> </a><p>This  code system <code>https://github.com/openimis/openimis_fhir_r5_ig/CodeSystem/organization-hf-level</code> defines the following codes:</p><table class=\"codes\"><tr><td style=\"white-space:nowrap\"><b>Code</b></td><td><b>Display</b></td></tr><tr><td style=\"white-space:nowrap\">D<a name=\"organization-hf-level-D\"> </a></td><td>Dispensary</td></tr><tr><td style=\"white-space:nowrap\">C<a name=\"organization-hf-level-C\"> </a></td><td>Health Centre</td></tr><tr><td style=\"white-space:nowrap\">H<a name=\"organization-hf-level-H\"> </a></td><td>Hospital</td></tr></table></div>"},"url":"https://github.com/openimis/openimis_fhir_r5_ig/CodeSystem/organization-hf-level","version":"0.1.0","name":"OrganizationHFLevelCS","title":"Health Facility Level (Organization)","status":"draft","date":"2025-08-26T15:39:34+00:00","publisher":"openIMIS Initiative","contact":[{"name":"openIMIS Initiative","telecom":[{"system":"url","value":"https://www.openimis.org"}]},{"name":"Dragos Dobre","telecom":[{"system":"email","value":"dragos.dobre@swisstph.ch","use":"work"}]},{"name":"Hiren Soni","telecom":[{"system":"email","value":"hiren.soni@swisstph.ch","use":"work"}]}],"description":"Indicates the level of the Health Facility (Organization). Values defined by openIMIS. Cannot be extended.","content":"complete","count":3,"concept":[{"code":"D","display":"Dispensary"},{"code":"C","display":"Health Centre"},{"code":"H","display":"Hospital"}]}