{"resourceType":"CodeSystem","id":"organization-hf-care-type","text":{"status":"generated","div":"<div xmlns=\"http://www.w3.org/1999/xhtml\"><p class=\"res-header-id\"><b>Generated Narrative: CodeSystem organization-hf-care-type</b></p><a name=\"organization-hf-care-type\"> </a><a name=\"hcorganization-hf-care-type\"> </a><p>This  code system <code>https://github.com/openimis/openimis_fhir_r5_ig/CodeSystem/organization-hf-care-type</code> defines the following codes:</p><table class=\"codes\"><tr><td style=\"white-space:nowrap\"><b>Code</b></td><td><b>Display</b></td></tr><tr><td style=\"white-space:nowrap\">I<a name=\"organization-hf-care-type-I\"> </a></td><td>In-Patient</td></tr><tr><td style=\"white-space:nowrap\">O<a name=\"organization-hf-care-type-O\"> </a></td><td>Out-Patient</td></tr><tr><td style=\"white-space:nowrap\">B<a name=\"organization-hf-care-type-B\"> </a></td><td>Both</td></tr></table></div>"},"url":"https://github.com/openimis/openimis_fhir_r5_ig/CodeSystem/organization-hf-care-type","version":"0.1.0","name":"OrganizationHFCareTypeCS","title":"Health Facility Care Type (Organization)","status":"draft","date":"2025-08-26T15:39:34+00:00","publisher":"openIMIS Initiative","contact":[{"name":"openIMIS Initiative","telecom":[{"system":"url","value":"https://www.openimis.org"}]},{"name":"Dragos Dobre","telecom":[{"system":"email","value":"dragos.dobre@swisstph.ch","use":"work"}]},{"name":"Hiren Soni","telecom":[{"system":"email","value":"hiren.soni@swisstph.ch","use":"work"}]}],"description":"Indicates the care type of the Health Facility (Organization). Values defined by openIMIS. Cannot be extended.","content":"complete","count":3,"concept":[{"code":"I","display":"In-Patient"},{"code":"O","display":"Out-Patient"},{"code":"B","display":"Both"}]}