{"resourceType":"CodeSystem","id":"contract-premium-payer","text":{"status":"generated","div":"<div xmlns=\"http://www.w3.org/1999/xhtml\"><p class=\"res-header-id\"><b>Generated Narrative: CodeSystem contract-premium-payer</b></p><a name=\"contract-premium-payer\"> </a><a name=\"hccontract-premium-payer\"> </a><p>This  code system <code>https://github.com/openimis/openimis_fhir_r5_ig/CodeSystem/contract-premium-payer</code> defines the following code:</p><table class=\"codes\"><tr><td style=\"white-space:nowrap\"><b>Code</b></td><td><b>Display</b></td></tr><tr><td style=\"white-space:nowrap\">beneficiary<a name=\"contract-premium-payer-beneficiary\"> </a></td><td>Beneficiary</td></tr></table></div>"},"url":"https://github.com/openimis/openimis_fhir_r5_ig/CodeSystem/contract-premium-payer","version":"0.1.0","name":"ContractPremiumPayerCS","title":"Premium Payer (Contract)","status":"draft","date":"2025-08-26T15:39:34+00:00","publisher":"openIMIS Initiative","contact":[{"name":"openIMIS Initiative","telecom":[{"system":"url","value":"https://www.openimis.org"}]},{"name":"Dragos Dobre","telecom":[{"system":"email","value":"dragos.dobre@swisstph.ch","use":"work"}]},{"name":"Hiren Soni","telecom":[{"system":"email","value":"hiren.soni@swisstph.ch","use":"work"}]}],"description":"Indicates the payer of the premium for the Contract. Can be extended in openIMIS. Need to match openIMIS database payer list.","content":"complete","count":1,"concept":[{"code":"beneficiary","display":"Beneficiary"}]}