{"resourceType":"CodeSystem","id":"group-type","text":{"status":"generated","div":"<div xmlns=\"http://www.w3.org/1999/xhtml\"><p class=\"res-header-id\"><b>Generated Narrative: CodeSystem group-type</b></p><a name=\"group-type\"> </a><a name=\"hcgroup-type\"> </a><p>This  code system <code>https://github.com/openimis/openimis_fhir_r5_ig/CodeSystem/group-type</code> defines the following codes:</p><table class=\"codes\"><tr><td style=\"white-space:nowrap\"><b>Code</b></td><td><b>Display</b></td></tr><tr><td style=\"white-space:nowrap\">C<a name=\"group-type-C\"> </a></td><td>Council</td></tr><tr><td style=\"white-space:nowrap\">G<a name=\"group-type-G\"> </a></td><td>Organization</td></tr><tr><td style=\"white-space:nowrap\">H<a name=\"group-type-H\"> </a></td><td>Household</td></tr><tr><td style=\"white-space:nowrap\">O<a name=\"group-type-O\"> </a></td><td>Other</td></tr><tr><td style=\"white-space:nowrap\">P<a name=\"group-type-P\"> </a></td><td>Priests</td></tr><tr><td style=\"white-space:nowrap\">S<a name=\"group-type-S\"> </a></td><td>Students</td></tr><tr><td style=\"white-space:nowrap\">T<a name=\"group-type-T\"> </a></td><td>Teachers</td></tr></table></div>"},"url":"https://github.com/openimis/openimis_fhir_r5_ig/CodeSystem/group-type","version":"0.1.0","name":"GroupTypeCS","title":"Group Type (Group)","status":"draft","date":"2025-08-26T15:39:34+00:00","publisher":"openIMIS Initiative","contact":[{"name":"openIMIS Initiative","telecom":[{"system":"url","value":"https://www.openimis.org"}]},{"name":"Dragos Dobre","telecom":[{"system":"email","value":"dragos.dobre@swisstph.ch","use":"work"}]},{"name":"Hiren Soni","telecom":[{"system":"email","value":"hiren.soni@swisstph.ch","use":"work"}]}],"description":"Indicates the type of the Group. Values defined by openIMIS. Can be extended.","content":"complete","count":7,"concept":[{"code":"C","display":"Council"},{"code":"G","display":"Organization"},{"code":"H","display":"Household"},{"code":"O","display":"Other"},{"code":"P","display":"Priests"},{"code":"S","display":"Students"},{"code":"T","display":"Teachers"}]}