{"resourceType":"CodeSystem","id":"claim-status","text":{"status":"generated","div":"<div xmlns=\"http://www.w3.org/1999/xhtml\"><p class=\"res-header-id\"><b>Generated Narrative: CodeSystem claim-status</b></p><a name=\"claim-status\"> </a><a name=\"hcclaim-status\"> </a><p>This  code system <code>https://github.com/openimis/openimis_fhir_r5_ig/CodeSystem/claim-status</code> defines the following codes:</p><table class=\"codes\"><tr><td style=\"white-space:nowrap\"><b>Code</b></td><td><b>Display</b></td></tr><tr><td style=\"white-space:nowrap\">1<a name=\"claim-status-1\"> </a></td><td>Rejected</td></tr><tr><td style=\"white-space:nowrap\">2<a name=\"claim-status-2\"> </a></td><td>Entered</td></tr><tr><td style=\"white-space:nowrap\">4<a name=\"claim-status-4\"> </a></td><td>Checked</td></tr><tr><td style=\"white-space:nowrap\">8<a name=\"claim-status-8\"> </a></td><td>Processed</td></tr><tr><td style=\"white-space:nowrap\">16<a name=\"claim-status-16\"> </a></td><td>Valuated</td></tr></table></div>"},"url":"https://github.com/openimis/openimis_fhir_r5_ig/CodeSystem/claim-status","version":"0.1.0","name":"ClaimStatusCS","title":"Status of the claim (Claim|ClaimResponse)","status":"draft","date":"2025-08-26T15:39:34+00:00","publisher":"openIMIS Initiative","contact":[{"name":"openIMIS Initiative","telecom":[{"system":"url","value":"https://www.openimis.org"}]},{"name":"Dragos Dobre","telecom":[{"system":"email","value":"dragos.dobre@swisstph.ch","use":"work"}]},{"name":"Hiren Soni","telecom":[{"system":"email","value":"hiren.soni@swisstph.ch","use":"work"}]}],"description":"Indicates the status of the Claim. Values defined by openIMIS. Can not be extended.","content":"complete","count":5,"concept":[{"code":"1","display":"Rejected"},{"code":"2","display":"Entered"},{"code":"4","display":"Checked"},{"code":"8","display":"Processed"},{"code":"16","display":"Valuated"}]}