{"resourceType":"CodeSystem","id":"insurance-plan-period-kind","text":{"status":"generated","div":"<div xmlns=\"http://www.w3.org/1999/xhtml\"><p class=\"res-header-id\"><b>Generated Narrative: CodeSystem insurance-plan-period-kind</b></p><a name=\"insurance-plan-period-kind\"> </a><a name=\"hcinsurance-plan-period-kind\"> </a><p>This  code system <code>https://github.com/openimis/openimis_fhir_r5_ig/CodeSystem/insurance-plan-period-kind</code> defines the following codes:</p><table class=\"codes\"><tr><td style=\"white-space:nowrap\"><b>Code</b></td><td><b>Display</b></td></tr><tr><td style=\"white-space:nowrap\">administration<a name=\"insurance-plan-period-kind-administration\"> </a></td><td>Administration</td></tr><tr><td style=\"white-space:nowrap\">grace-payment<a name=\"insurance-plan-period-kind-grace-payment\"> </a></td><td>Grace (Payment)</td></tr><tr><td style=\"white-space:nowrap\">grace-renewal<a name=\"insurance-plan-period-kind-grace-renewal\"> </a></td><td>Grace (Renewal)</td></tr><tr><td style=\"white-space:nowrap\">grace-enrolment<a name=\"insurance-plan-period-kind-grace-enrolment\"> </a></td><td>Grace (Enrolment)</td></tr></table></div>"},"url":"https://github.com/openimis/openimis_fhir_r5_ig/CodeSystem/insurance-plan-period-kind","version":"0.1.0","name":"InsurancePlanPeriodKindCS","title":"InsurancePlan Period Kind","status":"draft","date":"2025-08-26T15:39:34+00:00","publisher":"openIMIS Initiative","contact":[{"name":"openIMIS Initiative","telecom":[{"system":"url","value":"https://www.openimis.org"}]},{"name":"Dragos Dobre","telecom":[{"system":"email","value":"dragos.dobre@swisstph.ch","use":"work"}]},{"name":"Hiren Soni","telecom":[{"system":"email","value":"hiren.soni@swisstph.ch","use":"work"}]}],"content":"complete","count":4,"concept":[{"code":"administration","display":"Administration"},{"code":"grace-payment","display":"Grace (Payment)"},{"code":"grace-renewal","display":"Grace (Renewal)"},{"code":"grace-enrolment","display":"Grace (Enrolment)"}]}