{"resourceType":"CodeSystem","id":"insurance-plan-discount-kind","text":{"status":"generated","div":"<div xmlns=\"http://www.w3.org/1999/xhtml\"><p class=\"res-header-id\"><b>Generated Narrative: CodeSystem insurance-plan-discount-kind</b></p><a name=\"insurance-plan-discount-kind\"> </a><a name=\"hcinsurance-plan-discount-kind\"> </a><p>This  code system <code>https://github.com/openimis/openimis_fhir_r5_ig/CodeSystem/insurance-plan-discount-kind</code> defines the following codes:</p><table class=\"codes\"><tr><td style=\"white-space:nowrap\"><b>Code</b></td><td><b>Display</b></td></tr><tr><td style=\"white-space:nowrap\">renewal<a name=\"insurance-plan-discount-kind-renewal\"> </a></td><td>Renewal discount</td></tr><tr><td style=\"white-space:nowrap\">enrolment<a name=\"insurance-plan-discount-kind-enrolment\"> </a></td><td>Enrolment discount</td></tr></table></div>"},"url":"https://github.com/openimis/openimis_fhir_r5_ig/CodeSystem/insurance-plan-discount-kind","version":"0.1.0","name":"InsurancePlanDiscountKindCS","status":"draft","date":"2025-08-26T15:39:34+00:00","publisher":"openIMIS Initiative","contact":[{"name":"openIMIS Initiative","telecom":[{"system":"url","value":"https://www.openimis.org"}]},{"name":"Dragos Dobre","telecom":[{"system":"email","value":"dragos.dobre@swisstph.ch","use":"work"}]},{"name":"Hiren Soni","telecom":[{"system":"email","value":"hiren.soni@swisstph.ch","use":"work"}]}],"content":"complete","count":2,"concept":[{"code":"renewal","display":"Renewal discount"},{"code":"enrolment","display":"Enrolment discount"}]}