{"resourceType":"ValueSet","id":"claim-status","text":{"status":"generated","div":"<div xmlns=\"http://www.w3.org/1999/xhtml\"><p class=\"res-header-id\"><b>Generated Narrative: ValueSet claim-status</b></p><a name=\"claim-status\"> </a><a name=\"hcclaim-status\"> </a><ul><li>Include all codes defined in <a href=\"CodeSystem-claim-status.html\"><code>https://github.com/openimis/openimis_fhir_r5_ig/CodeSystem/claim-status</code></a></li></ul></div>"},"url":"https://github.com/openimis/openimis_fhir_r5_ig/ValueSet/claim-status","version":"0.1.0","name":"ClaimStatusVS","title":"Status of the claim (Claim|ClaimResponse)","status":"draft","date":"2025-08-26T15:39:34+00:00","publisher":"openIMIS Initiative","contact":[{"name":"openIMIS Initiative","telecom":[{"system":"url","value":"https://www.openimis.org"}]},{"name":"Dragos Dobre","telecom":[{"system":"email","value":"dragos.dobre@swisstph.ch","use":"work"}]},{"name":"Hiren Soni","telecom":[{"system":"email","value":"hiren.soni@swisstph.ch","use":"work"}]}],"description":"Indicates the status of the Claim. Values defined by openIMIS. Can not be extended.","compose":{"include":[{"system":"https://github.com/openimis/openimis_fhir_r5_ig/CodeSystem/claim-status"}]}}