{"resourceType":"ValueSet","id":"activity-definition-usage-context-type","text":{"status":"extensions","div":"<div xmlns=\"http://www.w3.org/1999/xhtml\"><p class=\"res-header-id\"><b>Generated Narrative: ValueSet activity-definition-usage-context-type</b></p><a name=\"activity-definition-usage-context-type\"> </a><a name=\"hcactivity-definition-usage-context-type\"> </a><ul><li>Include these codes as defined in <a href=\"http://terminology.hl7.org/6.5.0/CodeSystem-usage-context-type.html\"><code>http://terminology.hl7.org/CodeSystem/usage-context-type</code></a><table class=\"none\"><tr><td style=\"white-space:nowrap\"><b>Code</b></td><td><b>Display</b></td><td><b>Definition</b></td></tr><tr><td><a href=\"http://terminology.hl7.org/6.5.0/CodeSystem-usage-context-type.html#usage-context-type-gender\">gender</a></td><td>Gender</td><td>The gender of the patient for which this artifact/element applies. For this context type, appropriate values can be found in the http://hl7.org/fhir/ValueSet/administrative-gender value set.</td></tr><tr><td><a href=\"http://terminology.hl7.org/6.5.0/CodeSystem-usage-context-type.html#usage-context-type-age\">age</a></td><td>Age Range</td><td>The age of the patients for which this artifact/element applies. For this context type, the value could be a range that specifies the applicable ages or a code from an appropriate value set such as the MeSH value set http://terminology.hl7.org/ValueSet/v3-AgeGroupObservationValue.</td></tr><tr><td><a href=\"http://terminology.hl7.org/6.5.0/CodeSystem-usage-context-type.html#usage-context-type-workflow\">workflow</a></td><td>Workflow Setting</td><td>The settings in which the artifact/element is intended for use. For example, admission, pre-op, etc. For example, the ActEncounterCode value set http://terminology.hl7.org/ValueSet/v3-ActEncounterCode.</td></tr><tr><td><a href=\"http://terminology.hl7.org/6.5.0/CodeSystem-usage-context-type.html#usage-context-type-venue\">venue</a></td><td>Clinical Venue</td><td>The venue in which an artifact/element could be used. For example, Outpatient, Inpatient, Home, Nursing home. The code value may originate from the HL7 ServiceDeliveryLocationRoleType value set (http://terminology.hl7.org/ValueSet/v3-ServiceDeliveryLocationRoleType).</td></tr></table></li></ul></div>"},"url":"https://github.com/openimis/openimis_fhir_r5_ig/ValueSet/activity-definition-usage-context-type","version":"0.1.0","name":"ActivityDefinitionUsageContextTypeVS","title":"Usage Context Type (ActivityDefinition)","status":"draft","date":"2025-08-26T15:39:34+00:00","publisher":"openIMIS Initiative","contact":[{"name":"openIMIS Initiative","telecom":[{"system":"url","value":"https://www.openimis.org"}]},{"name":"Dragos Dobre","telecom":[{"system":"email","value":"dragos.dobre@swisstph.ch","use":"work"}]},{"name":"Hiren Soni","telecom":[{"system":"email","value":"hiren.soni@swisstph.ch","use":"work"}]}],"description":"Indicates the Usage Context Type for an ActivityDefinition.","compose":{"include":[{"system":"http://terminology.hl7.org/CodeSystem/usage-context-type","concept":[{"code":"gender","display":"Gender"},{"code":"age","display":"Age Range"},{"code":"workflow","display":"Workflow Setting"},{"code":"venue","display":"Clinical Venue"}]}]}}