{"resourceType":"ValueSet","id":"activity-definition-service-type","text":{"status":"generated","div":"<div xmlns=\"http://www.w3.org/1999/xhtml\"><p class=\"res-header-id\"><b>Generated Narrative: ValueSet activity-definition-service-type</b></p><a name=\"activity-definition-service-type\"> </a><a name=\"hcactivity-definition-service-type\"> </a><ul><li>Include all codes defined in <a href=\"CodeSystem-activity-definition-service-type.html\"><code>https://github.com/openimis/openimis_fhir_r5_ig/CodeSystem/activity-definition-service-type</code></a></li></ul></div>"},"url":"https://github.com/openimis/openimis_fhir_r5_ig/ValueSet/activity-definition-service-type","version":"0.1.0","name":"ActivityDefinitionServiceTypeVS","title":"Service Type (ActivityDefinition)","status":"draft","date":"2025-08-26T15:39:34+00:00","publisher":"openIMIS Initiative","contact":[{"name":"openIMIS Initiative","telecom":[{"system":"url","value":"https://www.openimis.org"}]},{"name":"Dragos Dobre","telecom":[{"system":"email","value":"dragos.dobre@swisstph.ch","use":"work"}]},{"name":"Hiren Soni","telecom":[{"system":"email","value":"hiren.soni@swisstph.ch","use":"work"}]}],"description":"Indicates the Service Type for an ActivityDefinition. Values defined by openIMIS. Can not be extended.","compose":{"include":[{"system":"https://github.com/openimis/openimis_fhir_r5_ig/CodeSystem/activity-definition-service-type"}]}}