{"resourceType":"ValueSet","id":"contract-scope","text":{"status":"generated","div":"<div xmlns=\"http://www.w3.org/1999/xhtml\"><p class=\"res-header-id\"><b>Generated Narrative: ValueSet contract-scope</b></p><a name=\"contract-scope\"> </a><a name=\"hccontract-scope\"> </a><ul><li>Include all codes defined in <a href=\"CodeSystem-contract-scope.html\"><code>https://github.com/openimis/openimis_fhir_r5_ig/CodeSystem/contract-scope</code></a></li></ul></div>"},"url":"https://github.com/openimis/openimis_fhir_r5_ig/ValueSet/contract-scope","version":"0.1.0","name":"ContractScopeVS","title":"Scope (Contract)","status":"draft","date":"2025-08-26T15:39:34+00:00","publisher":"openIMIS Initiative","contact":[{"name":"openIMIS Initiative","telecom":[{"system":"url","value":"https://www.openimis.org"}]},{"name":"Dragos Dobre","telecom":[{"system":"email","value":"dragos.dobre@swisstph.ch","use":"work"}]},{"name":"Hiren Soni","telecom":[{"system":"email","value":"hiren.soni@swisstph.ch","use":"work"}]}],"description":"Indicates the scope for the Contract. Values defined by openIMIS. Cannot be extended.","compose":{"include":[{"system":"https://github.com/openimis/openimis_fhir_r5_ig/CodeSystem/contract-scope"}]}}