{"resourceType":"ValueSet","id":"usage-context-age-type","text":{"status":"generated","div":"<div xmlns=\"http://www.w3.org/1999/xhtml\"><p class=\"res-header-id\"><b>Generated Narrative: ValueSet usage-context-age-type</b></p><a name=\"usage-context-age-type\"> </a><a name=\"hcusage-context-age-type\"> </a><ul><li>Include all codes defined in <a href=\"CodeSystem-usage-context-age-type.html\"><code>https://github.com/openimis/openimis_fhir_r5_ig/CodeSystem/usage-context-age-type</code></a></li></ul></div>"},"url":"https://github.com/openimis/openimis_fhir_r5_ig/ValueSet/usage-context-age-type","version":"0.1.0","name":"UsageContextAgeTypeVS","title":"Usage Context for Age Type (ActivityDefinition|Medication)","status":"draft","date":"2025-08-26T15:39:34+00:00","publisher":"openIMIS Initiative","contact":[{"name":"openIMIS Initiative","telecom":[{"system":"url","value":"https://www.openimis.org"}]},{"name":"Dragos Dobre","telecom":[{"system":"email","value":"dragos.dobre@swisstph.ch","use":"work"}]},{"name":"Hiren Soni","telecom":[{"system":"email","value":"hiren.soni@swisstph.ch","use":"work"}]}],"description":"Indicates the Usage Context for Age Type for an ActivityDefinition or Medication.","compose":{"include":[{"system":"https://github.com/openimis/openimis_fhir_r5_ig/CodeSystem/usage-context-age-type"}]}}