{"resourceType":"ValueSet","id":"group-type","text":{"status":"generated","div":"<div xmlns=\"http://www.w3.org/1999/xhtml\"><p class=\"res-header-id\"><b>Generated Narrative: ValueSet group-type</b></p><a name=\"group-type\"> </a><a name=\"hcgroup-type\"> </a><ul><li>Include all codes defined in <a href=\"CodeSystem-group-type.html\"><code>https://github.com/openimis/openimis_fhir_r5_ig/CodeSystem/group-type</code></a></li></ul></div>"},"url":"https://github.com/openimis/openimis_fhir_r5_ig/ValueSet/group-type","version":"0.1.0","name":"GroupTypeVS","title":"Group Type (Group)","status":"draft","date":"2025-08-26T15:39:34+00:00","publisher":"openIMIS Initiative","contact":[{"name":"openIMIS Initiative","telecom":[{"system":"url","value":"https://www.openimis.org"}]},{"name":"Dragos Dobre","telecom":[{"system":"email","value":"dragos.dobre@swisstph.ch","use":"work"}]},{"name":"Hiren Soni","telecom":[{"system":"email","value":"hiren.soni@swisstph.ch","use":"work"}]}],"description":"Indicates the type of the Group. Values defined by openIMIS. Can be extended.","compose":{"include":[{"system":"https://github.com/openimis/openimis_fhir_r5_ig/CodeSystem/group-type"}]}}