{"resourceType":"ValueSet","id":"invoice-type","text":{"status":"generated","div":"<div xmlns=\"http://www.w3.org/1999/xhtml\"><p class=\"res-header-id\"><b>Generated Narrative: ValueSet invoice-type</b></p><a name=\"invoice-type\"> </a><a name=\"hcinvoice-type\"> </a><ul><li>Include all codes defined in <a href=\"CodeSystem-invoice-type.html\"><code>https://github.com/openimis/openimis_fhir_r5_ig/CodeSystem/invoice-type</code></a></li></ul></div>"},"url":"https://github.com/openimis/openimis_fhir_r5_ig/ValueSet/invoice-type","version":"0.1.0","name":"InvoiceTypeVS","title":"Type (Invoice)","status":"draft","date":"2025-08-26T15:39:34+00:00","publisher":"openIMIS Initiative","contact":[{"name":"openIMIS Initiative","telecom":[{"system":"url","value":"https://www.openimis.org"}]},{"name":"Dragos Dobre","telecom":[{"system":"email","value":"dragos.dobre@swisstph.ch","use":"work"}]},{"name":"Hiren Soni","telecom":[{"system":"email","value":"hiren.soni@swisstph.ch","use":"work"}]}],"description":"Indicates the Type for an Invoice. Values defined by openIMIS. Can not be extended.","compose":{"include":[{"system":"https://github.com/openimis/openimis_fhir_r5_ig/CodeSystem/invoice-type"}]}}