{"resourceType":"ValueSet","id":"patient-profession","text":{"status":"generated","div":"<div xmlns=\"http://www.w3.org/1999/xhtml\"><p class=\"res-header-id\"><b>Generated Narrative: ValueSet patient-profession</b></p><a name=\"patient-profession\"> </a><a name=\"hcpatient-profession\"> </a><ul><li>Include all codes defined in <a href=\"CodeSystem-patient-profession.html\"><code>https://github.com/openimis/openimis_fhir_r5_ig/CodeSystem/patient-profession</code></a></li></ul></div>"},"url":"https://github.com/openimis/openimis_fhir_r5_ig/ValueSet/patient-profession","version":"0.1.0","name":"PatientProfessionVS","title":"Profession (Patient)","status":"draft","date":"2025-08-26T15:39:34+00:00","publisher":"openIMIS Initiative","contact":[{"name":"openIMIS Initiative","telecom":[{"system":"url","value":"https://www.openimis.org"}]},{"name":"Dragos Dobre","telecom":[{"system":"email","value":"dragos.dobre@swisstph.ch","use":"work"}]},{"name":"Hiren Soni","telecom":[{"system":"email","value":"hiren.soni@swisstph.ch","use":"work"}]}],"description":"Indicates the profession of a Patient","compose":{"include":[{"system":"https://github.com/openimis/openimis_fhir_r5_ig/CodeSystem/patient-profession"}]}}