{"resourceType":"ValueSet","id":"contract-resource-party-role","text":{"status":"generated","div":"<div xmlns=\"http://www.w3.org/1999/xhtml\"><p class=\"res-header-id\"><b>Generated Narrative: ValueSet contract-resource-party-role</b></p><a name=\"contract-resource-party-role\"> </a><a name=\"hccontract-resource-party-role\"> </a><ul><li>Include all codes defined in <a href=\"CodeSystem-contract-resource-party-role.html\"><code>https://github.com/openimis/openimis_fhir_r5_ig/CodeSystem/contract-resource-party-role</code></a></li></ul></div>"},"url":"https://github.com/openimis/openimis_fhir_r5_ig/ValueSet/contract-resource-party-role","version":"0.1.0","name":"ContractResourcePartyRoleVS","title":"Resource Party Role (Contract)","status":"draft","date":"2025-08-26T15:39:34+00:00","publisher":"openIMIS Initiative","contact":[{"name":"openIMIS Initiative","telecom":[{"system":"url","value":"https://www.openimis.org"}]},{"name":"Dragos Dobre","telecom":[{"system":"email","value":"dragos.dobre@swisstph.ch","use":"work"}]},{"name":"Hiren Soni","telecom":[{"system":"email","value":"hiren.soni@swisstph.ch","use":"work"}]}],"description":"Indicates the participant engagement type for the Contract term.","compose":{"include":[{"system":"https://github.com/openimis/openimis_fhir_r5_ig/CodeSystem/contract-resource-party-role"}]}}