{"resourceType":"ValueSet","id":"location-type","text":{"status":"extensions","div":"<div xmlns=\"http://www.w3.org/1999/xhtml\"><p class=\"res-header-id\"><b>Generated Narrative: ValueSet location-type</b></p><a name=\"location-type\"> </a><a name=\"hclocation-type\"> </a><p>This value set includes codes based on the following rules:</p><ul><li>Include these codes as defined in <a href=\"CodeSystem-location-type.html\"><code>https://github.com/openimis/openimis_fhir_r5_ig/CodeSystem/location-type</code></a><table class=\"none\"><tr><td style=\"white-space:nowrap\"><b>Code</b></td><td><b>Display</b></td><td><b>Definition</b></td></tr><tr><td><a href=\"CodeSystem-location-type.html#location-type-R\">R</a></td><td>Region</td><td>Regional location level</td></tr><tr><td><a href=\"CodeSystem-location-type.html#location-type-D\">D</a></td><td>District</td><td>District location level</td></tr><tr><td><a href=\"CodeSystem-location-type.html#location-type-W\">W</a></td><td>Municipality/Ward</td><td>Municipality/Ward location level</td></tr><tr><td><a href=\"CodeSystem-location-type.html#location-type-V\">V</a></td><td>City/Village</td><td>City/Village location level</td></tr></table></li></ul><p>This value set excludes codes based on the following rules:</p><ul><li>Import all the codes that are contained in <a href=\"http://terminology.hl7.org/6.5.0/ValueSet-location-physical-type.html\">Location type</a></li></ul></div>"},"url":"https://github.com/openimis/openimis_fhir_r5_ig/ValueSet/location-type","version":"0.1.0","name":"LocationTypeVS","title":"Location Type (Location)","status":"draft","date":"2025-08-26T15:39:34+00:00","publisher":"openIMIS Initiative","contact":[{"name":"openIMIS Initiative","telecom":[{"system":"url","value":"https://www.openimis.org"}]},{"name":"Dragos Dobre","telecom":[{"system":"email","value":"dragos.dobre@swisstph.ch","use":"work"}]},{"name":"Hiren Soni","telecom":[{"system":"email","value":"hiren.soni@swisstph.ch","use":"work"}]}],"description":"Indicates the location type. Values defined by openIMIS. Cannot be extended.","compose":{"include":[{"system":"https://github.com/openimis/openimis_fhir_r5_ig/CodeSystem/location-type","concept":[{"code":"R","display":"Region"},{"code":"D","display":"District"},{"code":"W","display":"Municipality/Ward"},{"code":"V","display":"City/Village"}]}],"exclude":[{"valueSet":["http://terminology.hl7.org/ValueSet/location-physical-type"]}]}}