{"resourceType":"ValueSet","id":"patient-education-level","text":{"status":"generated","div":"<div xmlns=\"http://www.w3.org/1999/xhtml\"><p class=\"res-header-id\"><b>Generated Narrative: ValueSet patient-education-level</b></p><a name=\"patient-education-level\"> </a><a name=\"hcpatient-education-level\"> </a><ul><li>Include all codes defined in <a href=\"CodeSystem-patient-education-level.html\"><code>https://github.com/openimis/openimis_fhir_r5_ig/CodeSystem/patient-education-level</code></a></li></ul></div>"},"url":"https://github.com/openimis/openimis_fhir_r5_ig/ValueSet/patient-education-level","version":"0.1.0","name":"PatientEducationLevelVS","title":"Education Level (Patient)","status":"draft","date":"2025-08-26T15:39:34+00:00","publisher":"openIMIS Initiative","contact":[{"name":"openIMIS Initiative","telecom":[{"system":"url","value":"https://www.openimis.org"}]},{"name":"Dragos Dobre","telecom":[{"system":"email","value":"dragos.dobre@swisstph.ch","use":"work"}]},{"name":"Hiren Soni","telecom":[{"system":"email","value":"hiren.soni@swisstph.ch","use":"work"}]}],"description":"Indicates the Education level of a Patient","compose":{"include":[{"system":"https://github.com/openimis/openimis_fhir_r5_ig/CodeSystem/patient-education-level"}]}}