{"resourceType":"ValueSet","id":"organization-hf-legal-form","text":{"status":"generated","div":"<div xmlns=\"http://www.w3.org/1999/xhtml\"><p class=\"res-header-id\"><b>Generated Narrative: ValueSet organization-hf-legal-form</b></p><a name=\"organization-hf-legal-form\"> </a><a name=\"hcorganization-hf-legal-form\"> </a><ul><li>Include all codes defined in <a href=\"CodeSystem-organization-hf-legal-form.html\"><code>https://github.com/openimis/openimis_fhir_r5_ig/CodeSystem/organization-hf-legal-form</code></a></li></ul></div>"},"url":"https://github.com/openimis/openimis_fhir_r5_ig/ValueSet/organization-hf-legal-form","version":"0.1.0","name":"OrganizationHFLegalFormVS","title":"Legal Forms (Organization)","status":"draft","date":"2025-08-26T15:39:34+00:00","publisher":"openIMIS Initiative","contact":[{"name":"openIMIS Initiative","telecom":[{"system":"url","value":"https://www.openimis.org"}]},{"name":"Dragos Dobre","telecom":[{"system":"email","value":"dragos.dobre@swisstph.ch","use":"work"}]},{"name":"Hiren Soni","telecom":[{"system":"email","value":"hiren.soni@swisstph.ch","use":"work"}]}],"description":"Indicates the legal forms of the Health Facility Organization. Values defined by openIMIS. Can be extended.","compose":{"include":[{"system":"https://github.com/openimis/openimis_fhir_r5_ig/CodeSystem/organization-hf-legal-form"}]}}