{"resourceType":"ValueSet","id":"invoice-charge-item","text":{"status":"generated","div":"<div xmlns=\"http://www.w3.org/1999/xhtml\"><p class=\"res-header-id\"><b>Generated Narrative: ValueSet invoice-charge-item</b></p><a name=\"invoice-charge-item\"> </a><a name=\"hcinvoice-charge-item\"> </a><ul><li>Include all codes defined in <a href=\"CodeSystem-invoice-charge-item.html\"><code>https://github.com/openimis/openimis_fhir_r5_ig/CodeSystem/invoice-charge-item</code></a></li></ul></div>"},"url":"https://github.com/openimis/openimis_fhir_r5_ig/ValueSet/invoice-charge-item","version":"0.1.0","name":"InvoiceChargeItemVS","title":"ChargeItem (Invoice)","status":"draft","date":"2025-08-26T15:39:34+00:00","publisher":"openIMIS Initiative","contact":[{"name":"openIMIS Initiative","telecom":[{"system":"url","value":"https://www.openimis.org"}]},{"name":"Dragos Dobre","telecom":[{"system":"email","value":"dragos.dobre@swisstph.ch","use":"work"}]},{"name":"Hiren Soni","telecom":[{"system":"email","value":"hiren.soni@swisstph.ch","use":"work"}]}],"description":"Indicates the ChargeItem for a lineItem from an Invoice. Values defined by openIMIS. Can not be extended.","compose":{"include":[{"system":"https://github.com/openimis/openimis_fhir_r5_ig/CodeSystem/invoice-charge-item"}]}}