{"resourceType":"ValueSet","id":"claim-item-category","text":{"status":"generated","div":"<div xmlns=\"http://www.w3.org/1999/xhtml\"><p class=\"res-header-id\"><b>Generated Narrative: ValueSet claim-item-category</b></p><a name=\"claim-item-category\"> </a><a name=\"hcclaim-item-category\"> </a><ul><li>Include all codes defined in <a href=\"CodeSystem-claim-item-category.html\"><code>https://github.com/openimis/openimis_fhir_r5_ig/CodeSystem/claim-item-category</code></a></li></ul></div>"},"url":"https://github.com/openimis/openimis_fhir_r5_ig/ValueSet/claim-item-category","version":"0.1.0","name":"ClaimItemCategoryVS","title":"Category of the item (Claim)","status":"draft","date":"2025-08-26T15:39:34+00:00","publisher":"openIMIS Initiative","contact":[{"name":"openIMIS Initiative","telecom":[{"system":"url","value":"https://www.openimis.org"}]},{"name":"Dragos Dobre","telecom":[{"system":"email","value":"dragos.dobre@swisstph.ch","use":"work"}]},{"name":"Hiren Soni","telecom":[{"system":"email","value":"hiren.soni@swisstph.ch","use":"work"}]}],"description":"Indicates the category for the item under a Claim. Values defined by openIMIS. Can not be extended.","compose":{"include":[{"system":"https://github.com/openimis/openimis_fhir_r5_ig/CodeSystem/claim-item-category"}]}}