{"resourceType":"ValueSet","id":"insurance-plan-discount-kind","text":{"status":"generated","div":"<div xmlns=\"http://www.w3.org/1999/xhtml\"><p class=\"res-header-id\"><b>Generated Narrative: ValueSet insurance-plan-discount-kind</b></p><a name=\"insurance-plan-discount-kind\"> </a><a name=\"hcinsurance-plan-discount-kind\"> </a><ul><li>Include all codes defined in <a href=\"CodeSystem-insurance-plan-discount-kind.html\"><code>https://github.com/openimis/openimis_fhir_r5_ig/CodeSystem/insurance-plan-discount-kind</code></a></li></ul></div>"},"url":"https://github.com/openimis/openimis_fhir_r5_ig/ValueSet/insurance-plan-discount-kind","version":"0.1.0","name":"InsurancePlanDiscountKindVS","status":"draft","date":"2025-08-26T15:39:34+00:00","publisher":"openIMIS Initiative","contact":[{"name":"openIMIS Initiative","telecom":[{"system":"url","value":"https://www.openimis.org"}]},{"name":"Dragos Dobre","telecom":[{"system":"email","value":"dragos.dobre@swisstph.ch","use":"work"}]},{"name":"Hiren Soni","telecom":[{"system":"email","value":"hiren.soni@swisstph.ch","use":"work"}]}],"compose":{"include":[{"system":"https://github.com/openimis/openimis_fhir_r5_ig/CodeSystem/insurance-plan-discount-kind"}]}}