{"resourceType":"ValueSet","id":"coverage-status","text":{"status":"extensions","div":"<div xmlns=\"http://www.w3.org/1999/xhtml\"><p class=\"res-header-id\"><b>Generated Narrative: ValueSet coverage-status</b></p><a name=\"coverage-status\"> </a><a name=\"hccoverage-status\"> </a><ul><li>Include these codes as defined in <a href=\"http://hl7.org/fhir/R5/codesystem-fm-status.html\"><code>http://hl7.org/fhir/fm-status</code></a><table class=\"none\"><tr><td style=\"white-space:nowrap\"><b>Code</b></td><td><b>Display</b></td><td><b>Definition</b></td></tr><tr><td><a href=\"http://hl7.org/fhir/R5/codesystem-fm-status.html#fm-status-active\">active</a></td><td>Active</td><td>The instance is currently in-force.</td></tr><tr><td><a href=\"http://hl7.org/fhir/R5/codesystem-fm-status.html#fm-status-cancelled\">cancelled</a></td><td>Cancelled</td><td>The instance is withdrawn, rescinded or reversed.</td></tr><tr><td><a href=\"http://hl7.org/fhir/R5/codesystem-fm-status.html#fm-status-draft\">draft</a></td><td>Draft</td><td>A new instance the contents of which is not complete.</td></tr></table></li></ul></div>"},"url":"https://github.com/openimis/openimis_fhir_r5_ig/ValueSet/coverage-status","version":"0.1.0","name":"CoverageStatusVS","title":"Coverage Status (Coverage)","status":"draft","date":"2025-08-26T15:39:34+00:00","publisher":"openIMIS Initiative","contact":[{"name":"openIMIS Initiative","telecom":[{"system":"url","value":"https://www.openimis.org"}]},{"name":"Dragos Dobre","telecom":[{"system":"email","value":"dragos.dobre@swisstph.ch","use":"work"}]},{"name":"Hiren Soni","telecom":[{"system":"email","value":"hiren.soni@swisstph.ch","use":"work"}]}],"description":"Indicates the status of a Coverage (Policy).","compose":{"include":[{"system":"http://hl7.org/fhir/fm-status","concept":[{"code":"active","display":"Active"},{"code":"cancelled","display":"Cancelled"},{"code":"draft","display":"Draft"}]}]}}