{"resourceType":"ValueSet","id":"bill-charge-item","text":{"status":"generated","div":"<div xmlns=\"http://www.w3.org/1999/xhtml\"><p class=\"res-header-id\"><b>Generated Narrative: ValueSet bill-charge-item</b></p><a name=\"bill-charge-item\"> </a><a name=\"hcbill-charge-item\"> </a><ul><li>Include all codes defined in <a href=\"CodeSystem-bill-charge-item.html\"><code>https://github.com/openimis/openimis_fhir_r5_ig/CodeSystem/bill-charge-item</code></a></li></ul></div>"},"url":"https://github.com/openimis/openimis_fhir_r5_ig/ValueSet/bill-charge-item","version":"0.1.0","name":"BillChargeItemVS","title":"ChargeItem (Bill Invoice)","status":"draft","date":"2025-08-26T15:39:34+00:00","publisher":"openIMIS Initiative","contact":[{"name":"openIMIS Initiative","telecom":[{"system":"url","value":"https://www.openimis.org"}]},{"name":"Dragos Dobre","telecom":[{"system":"email","value":"dragos.dobre@swisstph.ch","use":"work"}]},{"name":"Hiren Soni","telecom":[{"system":"email","value":"hiren.soni@swisstph.ch","use":"work"}]}],"description":"Indicates the ChargeItem for a lineItem from a Bill. Values defined by openIMIS. Can not be extended.","compose":{"include":[{"system":"https://github.com/openimis/openimis_fhir_r5_ig/CodeSystem/bill-charge-item"}]}}