{"resourceType":"ValueSet","id":"organization-ph-activity","text":{"status":"generated","div":"<div xmlns=\"http://www.w3.org/1999/xhtml\"><p class=\"res-header-id\"><b>Generated Narrative: ValueSet organization-ph-activity</b></p><a name=\"organization-ph-activity\"> </a><a name=\"hcorganization-ph-activity\"> </a><ul><li>Include all codes defined in <a href=\"CodeSystem-organization-ph-activity.html\"><code>https://github.com/openimis/openimis_fhir_r5_ig/CodeSystem/organization-ph-activity</code></a></li></ul></div>"},"url":"https://github.com/openimis/openimis_fhir_r5_ig/ValueSet/organization-ph-activity","version":"0.1.0","name":"OrganizationPHActivityVS","title":"Activity (Organization)","status":"draft","date":"2025-08-26T15:39:34+00:00","publisher":"openIMIS Initiative","contact":[{"name":"openIMIS Initiative","telecom":[{"system":"url","value":"https://www.openimis.org"}]},{"name":"Dragos Dobre","telecom":[{"system":"email","value":"dragos.dobre@swisstph.ch","use":"work"}]},{"name":"Hiren Soni","telecom":[{"system":"email","value":"hiren.soni@swisstph.ch","use":"work"}]}],"description":"Indicates the activity of the PolicyHolder Organization. Values defined by openIMIS. Can be extended.","compose":{"include":[{"system":"https://github.com/openimis/openimis_fhir_r5_ig/CodeSystem/organization-ph-activity"}]}}