{"resourceType":"ValueSet","id":"contract-premium-type","text":{"status":"generated","div":"<div xmlns=\"http://www.w3.org/1999/xhtml\"><p class=\"res-header-id\"><b>Generated Narrative: ValueSet contract-premium-type</b></p><a name=\"contract-premium-type\"> </a><a name=\"hccontract-premium-type\"> </a><ul><li>Include all codes defined in <a href=\"CodeSystem-contract-premium-type.html\"><code>https://github.com/openimis/openimis_fhir_r5_ig/CodeSystem/contract-premium-type</code></a></li></ul></div>"},"url":"https://github.com/openimis/openimis_fhir_r5_ig/ValueSet/contract-premium-type","version":"0.1.0","name":"ContractPremiumTypeVS","title":"Premium Type (Contract)","status":"draft","date":"2025-08-26T15:39:34+00:00","publisher":"openIMIS Initiative","contact":[{"name":"openIMIS Initiative","telecom":[{"system":"url","value":"https://www.openimis.org"}]},{"name":"Dragos Dobre","telecom":[{"system":"email","value":"dragos.dobre@swisstph.ch","use":"work"}]},{"name":"Hiren Soni","telecom":[{"system":"email","value":"hiren.soni@swisstph.ch","use":"work"}]}],"description":"Indicates the type of the premium for the Contract. Cannot be extended.","compose":{"include":[{"system":"https://github.com/openimis/openimis_fhir_r5_ig/CodeSystem/contract-premium-type"}]}}