{
  "resourceType" : "ActivityDefinition",
  "id" : "GeneralConsultationService",
  "meta" : {
    "profile" : ["https://github.com/openimis/openimis_fhir_r5_ig/StructureDefinition/openimis-activity-definition"]
  },
  "text" : {
    "status" : "extensions",
    "div" : "<div xmlns=\"http://www.w3.org/1999/xhtml\">\n<div>\n    <table class=\"grid dict\">\n\n        \n        <tr>\n            <th scope=\"row\"><b>Title: </b></th>\n            <td style=\"padding-left: 4px;\">General Consultation</td>\n        </tr>\n        \n\n        \n        <tr>\n            <th scope=\"row\"><b>Id: </b></th>\n            <td style=\"padding-left: 4px;\">GeneralConsultationService</td>\n        </tr>\n        \n\n        \n        <tr>\n            <th scope=\"row\"><b>Version: </b></th>\n            <td style=\"padding-left: 4px;\">0.1.0</td>\n        </tr>\n        \n\n        \n        <tr>\n            <th scope=\"row\">\n                <b>\n                    \n                        \n                            Code identifier:\n                        \n                    \n                </b>\n            </th>\n            <td style=\"padding-left: 4px;\">\n                \n                <p style=\"margin-bottom: 5px;\">\n                    <span>A1</span>\n                </p>\n                \n            </td>\n        </tr>\n        \n        <tr>\n            <th scope=\"row\">\n                <b>\n                    \n                        \n                            UUID identifier:\n                        \n                    \n                </b>\n            </th>\n            <td style=\"padding-left: 4px;\">\n                \n                <p style=\"margin-bottom: 5px;\">\n                    <span>db2c3a6c-af07-49bd-8f6a-96aa1fc2bcf9</span>\n                </p>\n                \n            </td>\n        </tr>\n        \n\n        \n\n        \n\n        \n\n        \n        <tr>\n            <th scope=\"row\"><b>Date (date last changed): </b></th>\n            <td style=\"padding-left: 4px;\">2020-01-01</td>\n        </tr>\n        \n\n        \n\n        \n        <tr>\n            <th scope=\"row\"><b>Publisher (steward): </b></th>\n            <td style=\"padding-left: 4px;\">openIMIS Initiative</td>\n        </tr>\n        \n\n        \n\n        \n\n        \n\n        \n\n        \n\n        \n        <tr>\n            <th scope=\"row\"><b>Use Context: </b></th>\n            <td style=\"padding-left: 4px;\">\n                <table class=\"grid-dict\">\n                    <tr>\n                        <th><b>code</b></th>\n                        <th><b>value</b></th>\n                    </tr>\n                    \n                        <tr>\n                            <td>venue</td>\n                            <td/>\n                        </tr>\n                    \n                        <tr>\n                            <td>gender</td>\n                            <td/>\n                        </tr>\n                    \n                        <tr>\n                            <td>age</td>\n                            <td/>\n                        </tr>\n                    \n                </table>\n            </td>\n        </tr>\n        \n\n        \n\n        \n        <tr>\n            <th scope=\"row\"><b>Topic: </b></th>\n            <td style=\"padding-left: 4px;\">P</td>\n        </tr>\n        \n\n        \n\n        \n\n        \n\n        \n\n        \n        \n        \n\n        \n\n        \n\n        \n\n        \n\n        \n\n        \n\n        \n\n        \n\n        \n\n        \n\n        \n\n        \n\n        \n\n        \n    </table>\n</div>\n</div>"
  },
  "extension" : [{
    "url" : "https://github.com/openimis/openimis_fhir_r5_ig/StructureDefinition/unit-price",
    "valueMoney" : {
      "value" : 40,
      "currency" : "EUR"
    }
  }],
  "url" : "https://github.com/openimis/openimis_fhir_r5_ig/ActivityDefinition/GeneralConsultationService",
  "identifier" : [{
    "type" : {
      "coding" : [{
        "system" : "https://github.com/openimis/openimis_fhir_r5_ig/CodeSystem/openimis-identifiers",
        "code" : "Code"
      }]
    },
    "value" : "A1"
  },
  {
    "type" : {
      "coding" : [{
        "system" : "https://github.com/openimis/openimis_fhir_r5_ig/CodeSystem/openimis-identifiers",
        "code" : "UUID"
      }]
    },
    "value" : "db2c3a6c-af07-49bd-8f6a-96aa1fc2bcf9"
  }],
  "version" : "0.1.0",
  "name" : "A1",
  "title" : "General Consultation",
  "status" : "active",
  "date" : "2020-01-01",
  "publisher" : "openIMIS Initiative",
  "contact" : [{
    "name" : "openIMIS Initiative",
    "telecom" : [{
      "system" : "url",
      "value" : "https://www.openimis.org"
    }]
  },
  {
    "name" : "Dragos Dobre",
    "telecom" : [{
      "system" : "email",
      "value" : "dragos.dobre@swisstph.ch",
      "use" : "work"
    }]
  },
  {
    "name" : "Hiren Soni",
    "telecom" : [{
      "system" : "email",
      "value" : "hiren.soni@swisstph.ch",
      "use" : "work"
    }]
  }],
  "useContext" : [{
    "code" : {
      "system" : "http://terminology.hl7.org/CodeSystem/usage-context-type",
      "code" : "venue",
      "display" : "Clinical Venue"
    },
    "valueCodeableConcept" : {
      "coding" : [{
        "system" : "http://terminology.hl7.org/CodeSystem/v3-ActCode",
        "code" : "AMB",
        "display" : "ambulatory"
      }]
    }
  },
  {
    "code" : {
      "system" : "http://terminology.hl7.org/CodeSystem/usage-context-type",
      "code" : "gender",
      "display" : "Gender"
    },
    "valueCodeableConcept" : {
      "coding" : [{
        "system" : "http://hl7.org/fhir/administrative-gender",
        "code" : "male",
        "display" : "Male"
      },
      {
        "system" : "http://hl7.org/fhir/administrative-gender",
        "code" : "female",
        "display" : "Female"
      }]
    }
  },
  {
    "code" : {
      "system" : "http://terminology.hl7.org/CodeSystem/usage-context-type",
      "code" : "age",
      "display" : "Age Range"
    },
    "valueCodeableConcept" : {
      "coding" : [{
        "system" : "https://github.com/openimis/openimis_fhir_r5_ig/CodeSystem/usage-context-age-type",
        "code" : "adult",
        "display" : "Adult"
      },
      {
        "system" : "https://github.com/openimis/openimis_fhir_r5_ig/CodeSystem/usage-context-age-type",
        "code" : "child",
        "display" : "Child"
      }]
    }
  }],
  "topic" : [{
    "coding" : [{
      "system" : "https://github.com/openimis/openimis_fhir_r5_ig/CodeSystem/activity-definition-service-type",
      "code" : "P",
      "display" : "Preventive"
    }]
  }],
  "timingTiming" : {
    "repeat" : {
      "frequency" : 1,
      "period" : 0,
      "periodUnit" : "d"
    }
  }
}