{
  "resourceType" : "Claim",
  "id" : "Claim001",
  "meta" : {
    "profile" : ["https://github.com/openimis/openimis_fhir_r5_ig/StructureDefinition/openimis-claim"]
  },
  "text" : {
    "status" : "extensions",
    "div" : "<div xmlns=\"http://www.w3.org/1999/xhtml\"><p class=\"res-header-id\"><b>Generated Narrative: Claim Claim001</b></p><a name=\"Claim001\"> </a><a name=\"hcClaim001\"> </a><div style=\"display: inline-block; background-color: #d9e0e7; padding: 6px; margin: 4px; border: 1px solid #8da1b4; border-radius: 5px; line-height: 60%\"><p style=\"margin-bottom: 0px\"/><p style=\"margin-bottom: 0px\">Profile: <a href=\"StructureDefinition-openimis-claim.html\">openIMIS Claim</a></p></div><p><b>identifier</b>: Unique code/Code001</p><p><b>status</b>: Active</p><p><b>type</b>: <span title=\"Codes:{https://github.com/openimis/openimis_fhir_r5_ig/CodeSystem/claim-visit-type O}\">Other</span></p><p><b>use</b>: Claim</p><p><b>patient</b>: <a href=\"Patient-john-doe.html\">John Doe  Male, DoB: 1962-02-05 ( Unique code)</a></p><p><b>billablePeriod</b>: 2021-09-15 --&gt; 2021-09-15</p><p><b>created</b>: 2021-09-16</p><p><b>enterer</b>: <a href=\"Practitioner-Rushila-Dani-CA.html\">Practitioner Dani Rushila </a></p><p><b>provider</b>: <a href=\"Organization-RaptaDistrictHospital.html\">Organization Rapta District Hospital</a></p><p><b>priority</b>: <span title=\"Codes:{http://terminology.hl7.org/CodeSystem/processpriority normal}\">Normal</span></p><h3>SupportingInfos</h3><table class=\"grid\"><tr><td style=\"display: none\">-</td><td><b>Sequence</b></td><td><b>Category</b></td><td><b>Value[x]</b></td></tr><tr><td style=\"display: none\">*</td><td>1</td><td><span title=\"Codes:{https://github.com/openimis/openimis_fhir_r5_ig/CodeSystem/claim-supporting-info-category explanation}\">Explanation</span></td><td>The patient was complaining of head pain</td></tr></table><h3>Diagnoses</h3><table class=\"grid\"><tr><td style=\"display: none\">-</td><td><b>Sequence</b></td><td><b>Diagnosis[x]</b></td></tr><tr><td style=\"display: none\">*</td><td>1</td><td><span title=\"Codes:{https://github.com/openimis/openimis_fhir_r5_ig/CodeSystem/diagnosis-ICD10-level1 G44}\">Other headache syndromes</span></td></tr></table><h3>Insurances</h3><table class=\"grid\"><tr><td style=\"display: none\">-</td><td><b>Sequence</b></td><td><b>Focal</b></td><td><b>Coverage</b></td></tr><tr><td style=\"display: none\">*</td><td>1</td><td>true</td><td><a href=\"Coverage-JoeDoeCoverage.html\">Coverage: extension = 2021-01-28,2021-01-28; identifier = UUID unique identifier; status = active; kind = insurance; period = 2021-07-01 --&gt; 2022-06-30</a></td></tr></table><blockquote><p><b>item</b></p><p><b>Item Reference (Claim)</b>: <a href=\"ActivityDefinition-GeneralConsultationService.html\">General Consultation</a></p><p><b>sequence</b>: 1</p><p><b>category</b>: <span title=\"Codes:{https://github.com/openimis/openimis_fhir_r5_ig/CodeSystem/claim-item-category service}\">Service</span></p><p><b>productOrService</b>: <span title=\"Codes:\">General Consultation</span></p><p><b>quantity</b>: 1</p><h3>UnitPrices</h3><table class=\"grid\"><tr><td style=\"display: none\">-</td><td><b>Value</b></td><td><b>Currency</b></td></tr><tr><td style=\"display: none\">*</td><td>40</td><td>Euro</td></tr></table></blockquote><blockquote><p><b>item</b></p><p><b>Item Reference (Claim)</b>: <a href=\"Medication-AspirinMedication.html\">Medication Product containing aspirin (medicinal product)</a></p><p><b>sequence</b>: 2</p><p><b>category</b>: <span title=\"Codes:{https://github.com/openimis/openimis_fhir_r5_ig/CodeSystem/claim-item-category item}\">Item</span></p><p><b>productOrService</b>: <span title=\"Codes:\">ACETYLSALICYLIC ACID (ASPIRIN) TABS 300MG</span></p><p><b>quantity</b>: 2</p><h3>UnitPrices</h3><table class=\"grid\"><tr><td style=\"display: none\">-</td><td><b>Value</b></td><td><b>Currency</b></td></tr><tr><td style=\"display: none\">*</td><td>10</td><td>Euro</td></tr></table></blockquote><h3>Totals</h3><table class=\"grid\"><tr><td style=\"display: none\">-</td><td><b>Value</b></td><td><b>Currency</b></td></tr><tr><td style=\"display: none\">*</td><td>60</td><td>Euro</td></tr></table></div>"
  },
  "identifier" : [{
    "type" : {
      "coding" : [{
        "system" : "https://github.com/openimis/openimis_fhir_r5_ig/CodeSystem/openimis-identifiers",
        "code" : "Code"
      }]
    },
    "value" : "Code001"
  }],
  "status" : "active",
  "type" : {
    "coding" : [{
      "system" : "https://github.com/openimis/openimis_fhir_r5_ig/CodeSystem/claim-visit-type",
      "code" : "O",
      "display" : "Other"
    }]
  },
  "use" : "claim",
  "patient" : {
    "reference" : "Patient/john-doe"
  },
  "billablePeriod" : {
    "start" : "2021-09-15",
    "end" : "2021-09-15"
  },
  "created" : "2021-09-16",
  "enterer" : {
    "reference" : "Practitioner/Rushila-Dani-CA"
  },
  "provider" : {
    "reference" : "Organization/RaptaDistrictHospital"
  },
  "priority" : {
    "coding" : [{
      "system" : "http://terminology.hl7.org/CodeSystem/processpriority",
      "code" : "normal",
      "display" : "Normal"
    }]
  },
  "supportingInfo" : [{
    "sequence" : 1,
    "category" : {
      "coding" : [{
        "system" : "https://github.com/openimis/openimis_fhir_r5_ig/CodeSystem/claim-supporting-info-category",
        "code" : "explanation"
      }]
    },
    "valueString" : "The patient was complaining of head pain"
  }],
  "diagnosis" : [{
    "sequence" : 1,
    "diagnosisCodeableConcept" : {
      "coding" : [{
        "system" : "https://github.com/openimis/openimis_fhir_r5_ig/CodeSystem/diagnosis-ICD10-level1",
        "code" : "G44",
        "display" : "Other headache syndromes"
      }]
    }
  }],
  "insurance" : [{
    "sequence" : 1,
    "focal" : true,
    "coverage" : {
      "reference" : "Coverage/JoeDoeCoverage"
    }
  }],
  "item" : [{
    "extension" : [{
      "url" : "https://github.com/openimis/openimis_fhir_r5_ig/StructureDefinition/claim-item-reference",
      "valueReference" : {
        "reference" : "ActivityDefinition/GeneralConsultationService"
      }
    }],
    "sequence" : 1,
    "category" : {
      "coding" : [{
        "system" : "https://github.com/openimis/openimis_fhir_r5_ig/CodeSystem/claim-item-category",
        "code" : "service",
        "display" : "Service"
      }]
    },
    "productOrService" : {
      "text" : "General Consultation"
    },
    "quantity" : {
      "value" : 1
    },
    "unitPrice" : {
      "value" : 40,
      "currency" : "EUR"
    }
  },
  {
    "extension" : [{
      "url" : "https://github.com/openimis/openimis_fhir_r5_ig/StructureDefinition/claim-item-reference",
      "valueReference" : {
        "reference" : "Medication/AspirinMedication"
      }
    }],
    "sequence" : 2,
    "category" : {
      "coding" : [{
        "system" : "https://github.com/openimis/openimis_fhir_r5_ig/CodeSystem/claim-item-category",
        "code" : "item",
        "display" : "Item"
      }]
    },
    "productOrService" : {
      "text" : "ACETYLSALICYLIC ACID (ASPIRIN) TABS 300MG"
    },
    "quantity" : {
      "value" : 2
    },
    "unitPrice" : {
      "value" : 10,
      "currency" : "EUR"
    }
  }],
  "total" : {
    "value" : 60,
    "currency" : "EUR"
  }
}