{
  "resourceType" : "Group",
  "id" : "doe-family",
  "meta" : {
    "profile" : ["https://github.com/openimis/openimis_fhir_r5_ig/StructureDefinition/openimis-group"]
  },
  "text" : {
    "status" : "extensions",
    "div" : "<div xmlns=\"http://www.w3.org/1999/xhtml\"><p class=\"res-header-id\"><b>Generated Narrative: Group doe-family</b></p><a name=\"doe-family\"> </a><a name=\"hcdoe-family\"> </a><div style=\"display: inline-block; background-color: #d9e0e7; padding: 6px; margin: 4px; border: 1px solid #8da1b4; border-radius: 5px; line-height: 60%\"><p style=\"margin-bottom: 0px\"/><p style=\"margin-bottom: 0px\">Profile: <a href=\"StructureDefinition-openimis-group.html\">openIMIS Group</a></p></div><p><b>Poverty Status (Group)</b>: </p><p><b>Poverty Status (Group)</b>: false</p><p><b>Group Type (Group)</b>: <span title=\"Codes:{https://github.com/openimis/openimis_fhir_r5_ig/CodeSystem/group-type H}\">Household</span></p><blockquote><p><b>Confirmation (Group)</b></p><ul><li>number: Reg123456</li><li>type: <span title=\"Codes:{https://github.com/openimis/openimis_fhir_r5_ig/CodeSystem/group-confirmation-type B}\">Municipality</span></li></ul></blockquote><p><b>identifier</b>: UUID unique identifier/D30F70DF-D10B-43D4-BF31-5137C118AD82, Unique code/123456788</p><p><b>active</b>: true</p><p><b>type</b>: Person</p><p><b>membership</b>: Definitional</p><p><b>name</b>: Doe Jane</p><p><b>quantity</b>: 2</p><blockquote><p><b>member</b></p><p><b>entity</b>: <a href=\"Patient-john-doe.html\">John Doe  Male, DoB: 1962-02-05 ( Unique code)</a></p></blockquote><blockquote><p><b>member</b></p><p><b>entity</b>: <a href=\"Patient-jane-doe.html\">Jane Doe  Female, DoB: 1964-05-15 ( Unique code)</a></p></blockquote></div>"
  },
  "extension" : [{
    "url" : "https://github.com/openimis/openimis_fhir_r5_ig/StructureDefinition/group-address",
    "valueAddress" : {
      "extension" : [{
        "url" : "https://github.com/openimis/openimis_fhir_r5_ig/StructureDefinition/address-location-reference",
        "valueReference" : {
          "reference" : "Location/Jamula-village"
        }
      }]
    }
  },
  {
    "url" : "https://github.com/openimis/openimis_fhir_r5_ig/StructureDefinition/group-poverty-status",
    "valueBoolean" : false
  },
  {
    "url" : "https://github.com/openimis/openimis_fhir_r5_ig/StructureDefinition/group-type",
    "valueCodeableConcept" : {
      "coding" : [{
        "system" : "https://github.com/openimis/openimis_fhir_r5_ig/CodeSystem/group-type",
        "code" : "H",
        "display" : "Household"
      }]
    }
  },
  {
    "extension" : [{
      "url" : "number",
      "valueString" : "Reg123456"
    },
    {
      "url" : "type",
      "valueCodeableConcept" : {
        "coding" : [{
          "system" : "https://github.com/openimis/openimis_fhir_r5_ig/CodeSystem/group-confirmation-type",
          "code" : "B",
          "display" : "Municipality"
        }]
      }
    }],
    "url" : "https://github.com/openimis/openimis_fhir_r5_ig/StructureDefinition/group-confirmation"
  }],
  "identifier" : [{
    "type" : {
      "coding" : [{
        "system" : "https://github.com/openimis/openimis_fhir_r5_ig/CodeSystem/openimis-identifiers",
        "code" : "UUID"
      }]
    },
    "value" : "D30F70DF-D10B-43D4-BF31-5137C118AD82"
  },
  {
    "type" : {
      "coding" : [{
        "system" : "https://github.com/openimis/openimis_fhir_r5_ig/CodeSystem/openimis-identifiers",
        "code" : "Code"
      }]
    },
    "value" : "123456788"
  }],
  "active" : true,
  "type" : "person",
  "membership" : "definitional",
  "name" : "Doe Jane",
  "quantity" : 2,
  "member" : [{
    "entity" : {
      "reference" : "Patient/john-doe"
    }
  },
  {
    "entity" : {
      "reference" : "Patient/jane-doe"
    }
  }]
}