{
  "resourceType" : "InsurancePlan",
  "id" : "RX01",
  "meta" : {
    "profile" : ["https://github.com/openimis/openimis_fhir_r5_ig/StructureDefinition/openimis-insurance-plan"]
  },
  "text" : {
    "status" : "extensions",
    "div" : "<div xmlns=\"http://www.w3.org/1999/xhtml\"><p class=\"res-header-id\"><b>Generated Narrative: InsurancePlan RX01</b></p><a name=\"RX01\"> </a><a name=\"hcRX01\"> </a><div style=\"display: inline-block; background-color: #d9e0e7; padding: 6px; margin: 4px; border: 1px solid #8da1b4; border-radius: 5px; line-height: 60%\"><p style=\"margin-bottom: 0px\"/><p style=\"margin-bottom: 0px\">Profile: <a href=\"StructureDefinition-openimis-insurance-plan.html\">openIMIS Insurance Plan</a></p></div><p><b>Max Installments (InsurancePlan)</b>: 3</p><p><b>Conversion Product (InsurancePlan)</b>: <a href=\"InsurancePlan-RX02.html\">InsurancePlan Regional fixed enrolment</a></p><p><b>Cycle Start (InsurancePlan)</b>: 01-03</p><p><b>Cycle Start (InsurancePlan)</b>: 01-07</p><p><b>Cycle Start (InsurancePlan)</b>: 01-10</p><blockquote><p><b>Period (InsurancePlan)</b></p><ul><li>kind: administration</li><li>months: 1 months<span style=\"background: LightGoldenRodYellow\"> (Details: UCUM  codemo = 'mo')</span></li></ul></blockquote><blockquote><p><b>Period (InsurancePlan)</b></p><ul><li>kind: grace-payment</li><li>months: 1 months<span style=\"background: LightGoldenRodYellow\"> (Details: UCUM  codemo = 'mo')</span></li></ul></blockquote><blockquote><p><b>Period (InsurancePlan)</b></p><ul><li>kind: grace-renewal</li><li>months: 1 months<span style=\"background: LightGoldenRodYellow\"> (Details: UCUM  codemo = 'mo')</span></li></ul></blockquote><blockquote><p><b>Period (InsurancePlan)</b></p><ul><li>kind: grace-enrolment</li><li>months: 1 months<span style=\"background: LightGoldenRodYellow\"> (Details: UCUM  codemo = 'mo')</span></li></ul></blockquote><blockquote><p><b>Discount (InsurancePlan)</b></p><ul><li>kind: renewal</li><li>Percentage: 50</li><li>Period: 2 months<span style=\"background: LightGoldenRodYellow\"> (Details: UCUM  codemo = 'mo')</span></li></ul></blockquote><blockquote><p><b>Discount (InsurancePlan)</b></p><ul><li>kind: enrolment</li><li>Percentage: 80</li><li>Period: 2 months<span style=\"background: LightGoldenRodYellow\"> (Details: UCUM  codemo = 'mo')</span></li></ul></blockquote><p><b>identifier</b>: Unique code/RX01</p><p><b>status</b>: Active</p><p><b>type</b>: <span title=\"Codes:{http://terminology.hl7.org/CodeSystem/insurance-plan-type medical}\">Medical</span></p><p><b>name</b>: Regional fixed enrolment</p><p><b>period</b>: 2016-10-01 --&gt; 2022-12-31</p><p><b>coverageArea</b>: <a href=\"Location-Upper-River-Region.html\">Location Upper River Region</a></p><blockquote><p><b>coverage</b></p><p><b>type</b>: <span title=\"Codes:{http://terminology.hl7.org/CodeSystem/insurance-plan-type medical}\">Medical</span></p><blockquote><p><b>benefit</b></p><p><b>type</b>: <span title=\"Codes:{http://terminology.hl7.org/CodeSystem/insurance-plan-type medical}\">Medical</span></p><blockquote><p><b>limit</b></p><p><b>value</b>: 12 months<span style=\"background: LightGoldenRodYellow\"> (Details: UCUM  codemo = 'mo')</span></p><p><b>code</b>: <span title=\"Codes:{https://github.com/openimis/openimis_fhir_r5_ig/CodeSystem/insurance-plan-coverage-benefit-limit period}\">Period</span></p></blockquote><blockquote><p><b>limit</b></p><p><b>value</b>: 10 member<span style=\"background: LightGoldenRodYellow\"> (Details: UCUM  code1 = '1')</span></p><p><b>code</b>: <span title=\"Codes:{https://github.com/openimis/openimis_fhir_r5_ig/CodeSystem/insurance-plan-coverage-benefit-limit memberCount}\">Member Count</span></p></blockquote></blockquote></blockquote><blockquote><p><b>plan</b></p><blockquote><p><b>generalCost</b></p><p><b>type</b>: <span title=\"Codes:{https://github.com/openimis/openimis_fhir_r5_ig/CodeSystem/insurance-plan-general-cost-type lumpsum}\">Lumpsum</span></p><p><b>groupSize</b>: 3</p><h3>Costs</h3><table class=\"grid\"><tr><td style=\"display: none\">-</td><td><b>Value</b></td><td><b>Currency</b></td></tr><tr><td style=\"display: none\">*</td><td>1000</td><td>Euro</td></tr></table></blockquote><blockquote><p><b>generalCost</b></p><p><b>type</b>: <span title=\"Codes:{https://github.com/openimis/openimis_fhir_r5_ig/CodeSystem/insurance-plan-general-cost-type premiumAdult}\">Premium Adult</span></p><h3>Costs</h3><table class=\"grid\"><tr><td style=\"display: none\">-</td><td><b>Value</b></td><td><b>Currency</b></td></tr><tr><td style=\"display: none\">*</td><td>100</td><td>Euro</td></tr></table></blockquote><blockquote><p><b>generalCost</b></p><p><b>type</b>: <span title=\"Codes:{https://github.com/openimis/openimis_fhir_r5_ig/CodeSystem/insurance-plan-general-cost-type premiumChild}\">Premium Child</span></p><h3>Costs</h3><table class=\"grid\"><tr><td style=\"display: none\">-</td><td><b>Value</b></td><td><b>Currency</b></td></tr><tr><td style=\"display: none\">*</td><td>50</td><td>Euro</td></tr></table></blockquote><blockquote><p><b>generalCost</b></p><p><b>type</b>: <span title=\"Codes:{https://github.com/openimis/openimis_fhir_r5_ig/CodeSystem/insurance-plan-general-cost-type registrationFee}\">Registration Fee</span></p><h3>Costs</h3><table class=\"grid\"><tr><td style=\"display: none\">-</td><td><b>Value</b></td><td><b>Currency</b></td></tr><tr><td style=\"display: none\">*</td><td>300</td><td>Euro</td></tr></table></blockquote></blockquote></div>"
  },
  "extension" : [{
    "url" : "https://github.com/openimis/openimis_fhir_r5_ig/StructureDefinition/insurance-plan-max-installments",
    "valueUnsignedInt" : 3
  },
  {
    "url" : "https://github.com/openimis/openimis_fhir_r5_ig/StructureDefinition/insurance-plan-conversion",
    "valueReference" : {
      "reference" : "InsurancePlan/RX02"
    }
  },
  {
    "url" : "https://github.com/openimis/openimis_fhir_r5_ig/StructureDefinition/insurance-plan-start-cycle",
    "valueString" : "01-03"
  },
  {
    "url" : "https://github.com/openimis/openimis_fhir_r5_ig/StructureDefinition/insurance-plan-start-cycle",
    "valueString" : "01-07"
  },
  {
    "url" : "https://github.com/openimis/openimis_fhir_r5_ig/StructureDefinition/insurance-plan-start-cycle",
    "valueString" : "01-10"
  },
  {
    "extension" : [{
      "url" : "kind",
      "valueCode" : "administration"
    },
    {
      "url" : "months",
      "valueQuantity" : {
        "value" : 1,
        "unit" : "months",
        "system" : "http://unitsofmeasure.org",
        "code" : "mo"
      }
    }],
    "url" : "https://github.com/openimis/openimis_fhir_r5_ig/StructureDefinition/insurance-plan-period"
  },
  {
    "extension" : [{
      "url" : "kind",
      "valueCode" : "grace-payment"
    },
    {
      "url" : "months",
      "valueQuantity" : {
        "value" : 1,
        "unit" : "months",
        "system" : "http://unitsofmeasure.org",
        "code" : "mo"
      }
    }],
    "url" : "https://github.com/openimis/openimis_fhir_r5_ig/StructureDefinition/insurance-plan-period"
  },
  {
    "extension" : [{
      "url" : "kind",
      "valueCode" : "grace-renewal"
    },
    {
      "url" : "months",
      "valueQuantity" : {
        "value" : 1,
        "unit" : "months",
        "system" : "http://unitsofmeasure.org",
        "code" : "mo"
      }
    }],
    "url" : "https://github.com/openimis/openimis_fhir_r5_ig/StructureDefinition/insurance-plan-period"
  },
  {
    "extension" : [{
      "url" : "kind",
      "valueCode" : "grace-enrolment"
    },
    {
      "url" : "months",
      "valueQuantity" : {
        "value" : 1,
        "unit" : "months",
        "system" : "http://unitsofmeasure.org",
        "code" : "mo"
      }
    }],
    "url" : "https://github.com/openimis/openimis_fhir_r5_ig/StructureDefinition/insurance-plan-period"
  },
  {
    "extension" : [{
      "url" : "kind",
      "valueCode" : "renewal"
    },
    {
      "url" : "Percentage",
      "valueDecimal" : 50
    },
    {
      "url" : "Period",
      "valueQuantity" : {
        "value" : 2,
        "unit" : "months",
        "system" : "http://unitsofmeasure.org",
        "code" : "mo"
      }
    }],
    "url" : "https://github.com/openimis/openimis_fhir_r5_ig/StructureDefinition/insurance-plan-discount"
  },
  {
    "extension" : [{
      "url" : "kind",
      "valueCode" : "enrolment"
    },
    {
      "url" : "Percentage",
      "valueDecimal" : 80
    },
    {
      "url" : "Period",
      "valueQuantity" : {
        "value" : 2,
        "unit" : "months",
        "system" : "http://unitsofmeasure.org",
        "code" : "mo"
      }
    }],
    "url" : "https://github.com/openimis/openimis_fhir_r5_ig/StructureDefinition/insurance-plan-discount"
  }],
  "identifier" : [{
    "type" : {
      "coding" : [{
        "system" : "https://github.com/openimis/openimis_fhir_r5_ig/CodeSystem/openimis-identifiers",
        "code" : "Code"
      }]
    },
    "value" : "RX01"
  }],
  "status" : "active",
  "type" : [{
    "coding" : [{
      "system" : "http://terminology.hl7.org/CodeSystem/insurance-plan-type",
      "code" : "medical",
      "display" : "Medical"
    }]
  }],
  "name" : "Regional fixed enrolment",
  "period" : {
    "start" : "2016-10-01",
    "end" : "2022-12-31"
  },
  "coverageArea" : [{
    "reference" : "Location/Upper-River-Region"
  }],
  "coverage" : [{
    "type" : {
      "coding" : [{
        "system" : "http://terminology.hl7.org/CodeSystem/insurance-plan-type",
        "code" : "medical",
        "display" : "Medical"
      }]
    },
    "benefit" : [{
      "type" : {
        "coding" : [{
          "system" : "http://terminology.hl7.org/CodeSystem/insurance-plan-type",
          "code" : "medical",
          "display" : "Medical"
        }]
      },
      "limit" : [{
        "value" : {
          "value" : 12,
          "unit" : "months",
          "system" : "http://unitsofmeasure.org",
          "code" : "mo"
        },
        "code" : {
          "coding" : [{
            "system" : "https://github.com/openimis/openimis_fhir_r5_ig/CodeSystem/insurance-plan-coverage-benefit-limit",
            "code" : "period",
            "display" : "Period"
          }]
        }
      },
      {
        "value" : {
          "value" : 10,
          "unit" : "member",
          "system" : "http://unitsofmeasure.org",
          "code" : "1"
        },
        "code" : {
          "coding" : [{
            "system" : "https://github.com/openimis/openimis_fhir_r5_ig/CodeSystem/insurance-plan-coverage-benefit-limit",
            "code" : "memberCount",
            "display" : "Member Count"
          }]
        }
      }]
    }]
  }],
  "plan" : [{
    "generalCost" : [{
      "type" : {
        "coding" : [{
          "system" : "https://github.com/openimis/openimis_fhir_r5_ig/CodeSystem/insurance-plan-general-cost-type",
          "code" : "lumpsum",
          "display" : "Lumpsum"
        }]
      },
      "groupSize" : 3,
      "cost" : {
        "value" : 1000,
        "currency" : "EUR"
      }
    },
    {
      "type" : {
        "coding" : [{
          "system" : "https://github.com/openimis/openimis_fhir_r5_ig/CodeSystem/insurance-plan-general-cost-type",
          "code" : "premiumAdult",
          "display" : "Premium Adult"
        }]
      },
      "cost" : {
        "value" : 100,
        "currency" : "EUR"
      }
    },
    {
      "type" : {
        "coding" : [{
          "system" : "https://github.com/openimis/openimis_fhir_r5_ig/CodeSystem/insurance-plan-general-cost-type",
          "code" : "premiumChild",
          "display" : "Premium Child"
        }]
      },
      "cost" : {
        "value" : 50,
        "currency" : "EUR"
      }
    },
    {
      "type" : {
        "coding" : [{
          "system" : "https://github.com/openimis/openimis_fhir_r5_ig/CodeSystem/insurance-plan-general-cost-type",
          "code" : "registrationFee",
          "display" : "Registration Fee"
        }]
      },
      "cost" : {
        "value" : 300,
        "currency" : "EUR"
      }
    }]
  }]
}