{
  "resourceType" : "Invoice",
  "id" : "InformalSectorContributionInvoice",
  "meta" : {
    "profile" : ["https://github.com/openimis/openimis_fhir_r5_ig/StructureDefinition/openimis-invoice-invoice"]
  },
  "text" : {
    "status" : "extensions",
    "div" : "<div xmlns=\"http://www.w3.org/1999/xhtml\"><p class=\"res-header-id\"><b>Generated Narrative: Invoice InformalSectorContributionInvoice</b></p><a name=\"InformalSectorContributionInvoice\"> </a><a name=\"hcInformalSectorContributionInvoice\"> </a><div style=\"display: inline-block; background-color: #d9e0e7; padding: 6px; margin: 4px; border: 1px solid #8da1b4; border-radius: 5px; line-height: 60%\"><p style=\"margin-bottom: 0px\"/><p style=\"margin-bottom: 0px\">Profile: <a href=\"StructureDefinition-openimis-invoice-invoice.html\">openIMIS Invoice</a></p></div><p><b>identifier</b>: Code/IV-BCUL0001-13000001-2021-09, UUID/D33E703F-D10B-43D8-9578-5137C118AD84</p><p><b>status</b>: issued</p><p><b>type</b>: <span title=\"Codes:\">contribution</span></p><p><b>recipient</b>: <a href=\"Patient-jane-doe.html\">Jane Doe  Female, DoB: 1964-05-15 ( Unique code)</a></p><p><b>date</b>: 2021-01-28</p><p><b>issuer</b>: <a href=\"Organization-openIMIS-Implementation.html\">Organization openIMIS Implementation</a></p><blockquote><p><b>lineItem</b></p><p><b>chargeItem</b>: <span title=\"Codes:{https://github.com/openimis/openimis_fhir_r5_ig/CodeSystem/invoice-charge-item policy}\">Policy</span></p><blockquote><p><b>priceComponent</b></p><p><b>Unit Price (Medication|ActivityDefinition)</b>: 10000</p><p><b>type</b>: base price</p><p><b>code</b>: <span title=\"Codes:\">BCUL0001</span></p><p><b>factor</b>: 1</p><h3>Amounts</h3><table class=\"grid\"><tr><td style=\"display: none\">-</td><td><b>Value</b></td></tr><tr><td style=\"display: none\">*</td><td>10000</td></tr></table></blockquote></blockquote><h3>TotalNets</h3><table class=\"grid\"><tr><td style=\"display: none\">-</td><td><b>Value</b></td><td><b>Currency</b></td></tr><tr><td style=\"display: none\">*</td><td>10000</td><td>Euro</td></tr></table><h3>TotalGrosses</h3><table class=\"grid\"><tr><td style=\"display: none\">-</td><td><b>Value</b></td><td><b>Currency</b></td></tr><tr><td style=\"display: none\">*</td><td>10000</td><td>Euro</td></tr></table></div>"
  },
  "identifier" : [{
    "type" : {
      "coding" : [{
        "code" : "Code"
      }]
    },
    "value" : "IV-BCUL0001-13000001-2021-09"
  },
  {
    "type" : {
      "coding" : [{
        "code" : "UUID"
      }]
    },
    "value" : "D33E703F-D10B-43D8-9578-5137C118AD84"
  }],
  "status" : "issued",
  "type" : {
    "coding" : [{
      "code" : "contribution"
    }]
  },
  "recipient" : {
    "reference" : "Patient/jane-doe"
  },
  "date" : "2021-01-28",
  "issuer" : {
    "reference" : "Organization/openIMIS-Implementation"
  },
  "lineItem" : [{
    "chargeItemCodeableConcept" : {
      "coding" : [{
        "system" : "https://github.com/openimis/openimis_fhir_r5_ig/CodeSystem/invoice-charge-item",
        "code" : "policy",
        "display" : "Policy"
      }]
    },
    "priceComponent" : [{
      "extension" : [{
        "url" : "https://github.com/openimis/openimis_fhir_r5_ig/StructureDefinition/unit-price",
        "valueMoney" : {
          "value" : 10000
        }
      }],
      "type" : "base",
      "code" : {
        "coding" : [{
          "code" : "Code"
        }],
        "text" : "BCUL0001"
      },
      "factor" : 1,
      "amount" : {
        "value" : 10000
      }
    }]
  }],
  "totalNet" : {
    "value" : 10000,
    "currency" : "EUR"
  },
  "totalGross" : {
    "value" : 10000,
    "currency" : "EUR"
  }
}