{
  "resourceType" : "Location",
  "id" : "Upper-River-Region",
  "meta" : {
    "profile" : ["https://github.com/openimis/openimis_fhir_r5_ig/StructureDefinition/openimis-location"]
  },
  "text" : {
    "status" : "generated",
    "div" : "<div xmlns=\"http://www.w3.org/1999/xhtml\"><p class=\"res-header-id\"><b>Generated Narrative: Location Upper-River-Region</b></p><a name=\"Upper-River-Region\"> </a><a name=\"hcUpper-River-Region\"> </a><div style=\"display: inline-block; background-color: #d9e0e7; padding: 6px; margin: 4px; border: 1px solid #8da1b4; border-radius: 5px; line-height: 60%\"><p style=\"margin-bottom: 0px\"/><p style=\"margin-bottom: 0px\">Profile: <a href=\"StructureDefinition-openimis-location.html\">openIMIS Location</a></p></div><p><b>identifier</b>: Unique code/R1</p><p><b>name</b>: Upper River Region</p><p><b>form</b>: <span title=\"Codes:{https://github.com/openimis/openimis_fhir_r5_ig/CodeSystem/location-type R}\">Region</span></p></div>"
  },
  "identifier" : [{
    "type" : {
      "coding" : [{
        "system" : "https://github.com/openimis/openimis_fhir_r5_ig/CodeSystem/openimis-identifiers",
        "code" : "Code"
      }]
    },
    "value" : "R1"
  }],
  "name" : "Upper River Region",
  "form" : {
    "coding" : [{
      "system" : "https://github.com/openimis/openimis_fhir_r5_ig/CodeSystem/location-type",
      "code" : "R",
      "display" : "Region"
    }]
  }
}