{
  "resourceType" : "Medication",
  "id" : "AspirinMedication",
  "meta" : {
    "profile" : ["https://github.com/openimis/openimis_fhir_r5_ig/StructureDefinition/openimis-medication"]
  },
  "text" : {
    "status" : "extensions",
    "div" : "<div xmlns=\"http://www.w3.org/1999/xhtml\"><p class=\"res-header-id\"><b>Generated Narrative: Medication AspirinMedication</b></p><a name=\"AspirinMedication\"> </a><a name=\"hcAspirinMedication\"> </a><div style=\"display: inline-block; background-color: #d9e0e7; padding: 6px; margin: 4px; border: 1px solid #8da1b4; border-radius: 5px; line-height: 60%\"><p style=\"margin-bottom: 0px\"/><p style=\"margin-bottom: 0px\">Profile: <a href=\"StructureDefinition-openimis-medication.html\">openIMIS Medication</a></p></div><p><b>Unit Price (Medication|ActivityDefinition)</b>: <span title=\"Euro\">€10.00</span> (EUR)</p><p><b>Medication Type (Medication)</b>: <span title=\"Codes:{https://github.com/openimis/openimis_fhir_r5_ig/CodeSystem/medication-item-type D}\">Drug</span></p><p><b>Frequency (Medication)</b>: Once per 0 days</p><blockquote><p><b>UsageContext (Medication)</b></p><ul><li>CareType: <span title=\"{http://terminology.hl7.org/CodeSystem/usage-context-type venue}\">Clinical Venue</span> = <span title=\"Codes:{http://terminology.hl7.org/CodeSystem/v3-ActCode AMB}\">ambulatory</span></li><li>Gender: <span title=\"{http://terminology.hl7.org/CodeSystem/usage-context-type gender}\">Gender</span> = <span title=\"Codes:{http://hl7.org/fhir/administrative-gender male}, {http://hl7.org/fhir/administrative-gender female}\">Male</span></li><li>Age: <span title=\"{http://terminology.hl7.org/CodeSystem/usage-context-type age}\">Age Range</span> = <span title=\"Codes:{https://github.com/openimis/openimis_fhir_r5_ig/CodeSystem/usage-context-age-type adult}, {https://github.com/openimis/openimis_fhir_r5_ig/CodeSystem/usage-context-age-type child}\">Adult</span></li></ul></blockquote><p><b>identifier</b>: Unique code/0001, UUID unique identifier/71EFB78B-64EE-4A68-BE29-87DAF566EB20</p><p><b>code</b>: <span title=\"Codes:{http://snomed.info/sct 7947003}\">ACETYLSALICYLIC ACID (ASPIRIN) TABS 300MG</span></p></div>"
  },
  "extension" : [{
    "url" : "https://github.com/openimis/openimis_fhir_r5_ig/StructureDefinition/unit-price",
    "valueMoney" : {
      "value" : 10,
      "currency" : "EUR"
    }
  },
  {
    "url" : "https://github.com/openimis/openimis_fhir_r5_ig/StructureDefinition/medication-type",
    "valueCodeableConcept" : {
      "coding" : [{
        "system" : "https://github.com/openimis/openimis_fhir_r5_ig/CodeSystem/medication-item-type",
        "code" : "D",
        "display" : "Drug"
      }]
    }
  },
  {
    "url" : "https://github.com/openimis/openimis_fhir_r5_ig/StructureDefinition/medication-frequency",
    "valueTiming" : {
      "repeat" : {
        "frequency" : 1,
        "period" : 0,
        "periodUnit" : "d"
      }
    }
  },
  {
    "extension" : [{
      "url" : "CareType",
      "valueUsageContext" : {
        "code" : {
          "system" : "http://terminology.hl7.org/CodeSystem/usage-context-type",
          "code" : "venue",
          "display" : "Clinical Venue"
        },
        "valueCodeableConcept" : {
          "coding" : [{
            "system" : "http://terminology.hl7.org/CodeSystem/v3-ActCode",
            "code" : "AMB",
            "display" : "ambulatory"
          }]
        }
      }
    },
    {
      "url" : "Gender",
      "valueUsageContext" : {
        "code" : {
          "system" : "http://terminology.hl7.org/CodeSystem/usage-context-type",
          "code" : "gender",
          "display" : "Gender"
        },
        "valueCodeableConcept" : {
          "coding" : [{
            "system" : "http://hl7.org/fhir/administrative-gender",
            "code" : "male",
            "display" : "Male"
          },
          {
            "system" : "http://hl7.org/fhir/administrative-gender",
            "code" : "female",
            "display" : "Female"
          }]
        }
      }
    },
    {
      "url" : "Age",
      "valueUsageContext" : {
        "code" : {
          "system" : "http://terminology.hl7.org/CodeSystem/usage-context-type",
          "code" : "age",
          "display" : "Age Range"
        },
        "valueCodeableConcept" : {
          "coding" : [{
            "system" : "https://github.com/openimis/openimis_fhir_r5_ig/CodeSystem/usage-context-age-type",
            "code" : "adult",
            "display" : "Adult"
          },
          {
            "system" : "https://github.com/openimis/openimis_fhir_r5_ig/CodeSystem/usage-context-age-type",
            "code" : "child",
            "display" : "Child"
          }]
        }
      }
    }],
    "url" : "https://github.com/openimis/openimis_fhir_r5_ig/StructureDefinition/medication-usage-context"
  }],
  "identifier" : [{
    "type" : {
      "coding" : [{
        "system" : "https://github.com/openimis/openimis_fhir_r5_ig/CodeSystem/openimis-identifiers",
        "code" : "Code"
      }]
    },
    "value" : "0001"
  },
  {
    "type" : {
      "coding" : [{
        "system" : "https://github.com/openimis/openimis_fhir_r5_ig/CodeSystem/openimis-identifiers",
        "code" : "UUID"
      }]
    },
    "value" : "71EFB78B-64EE-4A68-BE29-87DAF566EB20"
  }],
  "code" : {
    "coding" : [{
      "system" : "http://snomed.info/sct",
      "code" : "7947003"
    }],
    "text" : "ACETYLSALICYLIC ACID (ASPIRIN) TABS 300MG"
  }
}