{
  "resourceType" : "Organization",
  "id" : "openIMIS-Implementation",
  "meta" : {
    "profile" : ["https://github.com/openimis/openimis_fhir_r5_ig/StructureDefinition/openimis-insurance-organization"]
  },
  "text" : {
    "status" : "generated",
    "div" : "<div xmlns=\"http://www.w3.org/1999/xhtml\"><p class=\"res-header-id\"><b>Generated Narrative: Organization openIMIS-Implementation</b></p><a name=\"openIMIS-Implementation\"> </a><a name=\"hcopenIMIS-Implementation\"> </a><div style=\"display: inline-block; background-color: #d9e0e7; padding: 6px; margin: 4px; border: 1px solid #8da1b4; border-radius: 5px; line-height: 60%\"><p style=\"margin-bottom: 0px\"/><p style=\"margin-bottom: 0px\">Profile: <a href=\"StructureDefinition-openimis-insurance-organization.html\">openIMIS Insurance Organization</a></p></div><p><b>identifier</b>: Unique code/openIMIS</p><p><b>type</b>: <span title=\"Codes:{http://terminology.hl7.org/CodeSystem/organization-type ins}\">Insurance Company</span></p><p><b>name</b>: openIMIS Implementation</p><h3>Contacts</h3><table class=\"grid\"><tr><td style=\"display: none\">-</td><td><b>Purpose</b></td><td><b>Name</b></td><td><b>Telecom</b></td><td><b>Address</b></td></tr><tr><td style=\"display: none\">*</td><td><span title=\"Codes:{http://terminology.hl7.org/CodeSystem/contactentity-type ADMIN}\">Administrative</span></td><td>Manuel D. Medina</td><td><a href=\"mailto:implementation@openimis.org\">implementation@openimis.org</a>, ph: 0908060703, fax: 0908060730</td><td>1 Pasay Jamula Ultha </td></tr></table></div>"
  },
  "identifier" : [{
    "type" : {
      "coding" : [{
        "system" : "https://github.com/openimis/openimis_fhir_r5_ig/CodeSystem/openimis-identifiers",
        "code" : "Code"
      }]
    },
    "value" : "openIMIS"
  }],
  "type" : [{
    "coding" : [{
      "system" : "http://terminology.hl7.org/CodeSystem/organization-type",
      "code" : "ins"
    }]
  }],
  "name" : "openIMIS Implementation",
  "contact" : [{
    "purpose" : {
      "coding" : [{
        "system" : "http://terminology.hl7.org/CodeSystem/contactentity-type",
        "code" : "ADMIN",
        "display" : "Administrative"
      }]
    },
    "name" : [{
      "text" : "Manuel D. Medina"
    }],
    "telecom" : [{
      "system" : "email",
      "value" : "implementation@openimis.org"
    },
    {
      "system" : "phone",
      "value" : "0908060703"
    },
    {
      "system" : "fax",
      "value" : "0908060730"
    }],
    "address" : {
      "extension" : [{
        "url" : "https://github.com/openimis/openimis_fhir_r5_ig/StructureDefinition/address-municipality",
        "valueString" : "Jamu"
      }],
      "line" : ["1 Pasay"],
      "city" : "Jamula",
      "district" : "Rapta",
      "state" : "Ultha"
    }
  }]
}