{
  "resourceType" : "Practitioner",
  "id" : "Roberts-Jeb-EO",
  "meta" : {
    "profile" : ["https://github.com/openimis/openimis_fhir_r5_ig/StructureDefinition/openimis-enrolment-officer-practitioner"]
  },
  "text" : {
    "status" : "generated",
    "div" : "<div xmlns=\"http://www.w3.org/1999/xhtml\"><p class=\"res-header-id\"><b>Generated Narrative: Practitioner Roberts-Jeb-EO</b></p><a name=\"Roberts-Jeb-EO\"> </a><a name=\"hcRoberts-Jeb-EO\"> </a><div style=\"display: inline-block; background-color: #d9e0e7; padding: 6px; margin: 4px; border: 1px solid #8da1b4; border-radius: 5px; line-height: 60%\"><p style=\"margin-bottom: 0px\"/><p style=\"margin-bottom: 0px\">Profile: <a href=\"StructureDefinition-openimis-enrolment-officer-practitioner.html\">openIMIS Enrolment Officer Practitioner</a></p></div><p><b>identifier</b>: Unique code/E00001, UUID unique identifier/e5256c97-8b06-4c8e-96db-d8294b4619a8</p><p><b>name</b>: Jeb Roberts (Official)</p><p><b>birthDate</b>: 1980-01-15</p><h3>Qualifications</h3><table class=\"grid\"><tr><td style=\"display: none\">-</td><td><b>Code</b></td></tr><tr><td style=\"display: none\">*</td><td><span title=\"Codes:{https://github.com/openimis/openimis_fhir_r5_ig/CodeSystem/practitioner-qualification-type EO}\">Enrolment Officer</span></td></tr></table></div>"
  },
  "identifier" : [{
    "type" : {
      "coding" : [{
        "system" : "https://github.com/openimis/openimis_fhir_r5_ig/CodeSystem/openimis-identifiers",
        "code" : "Code"
      }]
    },
    "value" : "E00001"
  },
  {
    "type" : {
      "coding" : [{
        "system" : "https://github.com/openimis/openimis_fhir_r5_ig/CodeSystem/openimis-identifiers",
        "code" : "UUID"
      }]
    },
    "value" : "e5256c97-8b06-4c8e-96db-d8294b4619a8"
  }],
  "name" : [{
    "use" : "official",
    "family" : "Roberts",
    "given" : ["Jeb"]
  }],
  "birthDate" : "1980-01-15",
  "qualification" : [{
    "code" : {
      "coding" : [{
        "system" : "https://github.com/openimis/openimis_fhir_r5_ig/CodeSystem/practitioner-qualification-type",
        "code" : "EO",
        "display" : "Enrolment Officer"
      }]
    }
  }]
}